Period,AAL,AAPL,AAP,ABBV,ABC,ABT,ACN,ADBE,ADI,ADM,ADP,ADSK,ADS,AEE,AEP,AES,AET,AFL,AGN,AIG,AIV,AIZ,AJG,AKAM,ALB,ALGN,ALK,ALL,ALXN,AMAT,AMD,AME,AMGN,AMG,AMP,AMT,AMZN,ANDV,ANSS,ANTM,AON,AOS,APA,APC,APD,APH,ARE,ARNC,ATVI,AVB,AVGO,AVY,AWK,AXP,AYI,AZO,A,BAC,BAX,BA,BBT,BBY,BDX,BEN,BF.B,BIIB,BK,BLK,BLL,BRK.B,BSX,BWA,BXP,CAG,CAH,CAT,CA,CBG,CBOE,CBS,CB,CCI,CCL,CDNS,CELG,CERN,CF,CHD,CHK,CHRW,CHTR,CINF,CI,CLX,CL,CMA,CMCSA,CME,CMG,CMI,CMS,CNC,CNP,COF,COG,COL,COO,COP,COST,CPB,CRM,CSCO,CSX,CTAS,CTL,CTSH,CTXS,CVS,CVX,CXO,C,DAL,DE,DFS,DGX,DG,DHI,DISCA,DISCK,DISH,DIS,DLR,DLTR,DOV,DPS,DRE,DRI,DTE,DUK,DVA,DVN,D,EA,EBAY,ECL,ED,EFX,EIX,EL,EMN,EMR,EOG,EQIX,EQR,EQT,ESRX,ESS,ETFC,ETN,ETR,EW,EXC,EXPD,EXPE,EXR,FAST,FBHS,FB,FCX,FDX,FE,FFIV,FISV,FIS,FITB,FLIR,FLR,FLS,FL,FMC,FRT,FTI,F,GD,GE
2013-02-08,15.07,67.7142,78.34,36.37,46.52,34.39,73.01,38.31,44.72,30.31,60.71,38.79,153.88,32.79,44.55,11.12,49.83,50.38,87.26,38.76,27.4,38.55,38.0,35.5,61.78,32.4,23.995,45.05,93.11,13.41,2.58,41.22,85.61,146.84,66.21,75.76,261.4,52.46,74.72,65.98,56.01,17.3825,84.13,84.13,87.55,34.76,72.72,26.76,13.2,127.51,35.28,39.11,38.99,62.06,69.21,380.32,45.07,11.86,68.6,77.24,30.67,15.61,87.96,46.6066,32.595,163.57,27.8,236.64,22.635,97.25,7.64,36.75,104.28,33.25,44.9,96.1,24.88,23.87,34.39,42.41,85.1,70.32,39.11,13.96,49.425,43.4,45.08,29.54,20.16,59.36,80.5,44.5,61.7,80.78,55.025,35.19,19.345,57.07,316.77,118.47,25.69,22.635,20.85,57.38,27.26,60.18,103.01,57.82,102.38,37.37,42.62,21.1699,21.72,42.99,41.17,39.49,71.86,51.12,114.93,93.74,42.95,14.77,92.07,39.91,58.64,45.49,23.21,70.8199,64.53,37.2,54.38,65.4,39.41,70.9,45.96,15.9,47.41,64.25,68.88,59.655,59.5,54.17,17.05,56.46,73.46,57.12,55.84,47.74,63.11,72.51,57.49,65.07,214.99,55.06,61.99,55.27,151.07,11.0,58.95,64.98,43.185,31.34,43.19,65.5,40.06,50.05,33.26,28.89,35.75,106.8,40.13,105.16,40.05,37.21,16.55,26.01,64.7,51.8066,34.69,59.71,106.95,48.07,13.1,66.74,22.5
2013-03-01,13.37,62.5714,76.37,36.8,47.22,33.69,74.13,39.3,45.0,31.7,61.29,37.25,157.79,33.71,46.62,11.56,47.02,50.09,85.17,37.46,29.52,41.74,38.32,36.7,64.41,31.18,25.68,45.96,86.74,13.58,2.5,41.67,91.16,145.16,68.04,77.54,263.27,55.85,76.12,61.98,60.8,17.77,73.56,78.87,85.85,35.29,70.85,25.35,14.26,124.56,33.92,40.63,39.51,61.84,67.51,379.13,41.18,11.13,67.41,76.7,30.21,17.38,88.0,46.6933,32.8,165.3,26.99,238.17,22.17,101.45,7.35,36.98,103.57,34.03,46.17,91.54,24.38,23.87,35.84,42.93,85.14,69.71,35.59,14.04,51.625,43.84,39.91,30.885,19.95,56.74,85.77,44.92,58.26,83.8,57.045,34.17,19.86,59.82,316.75,114.96,26.61,22.445,21.48,50.21,30.9,59.82,105.68,57.93,100.82,41.18,44.375,20.71,22.86,43.75,34.53,38.225,70.92,51.07,116.73,89.12,41.56,14.26,87.73,38.32,55.99,46.26,22.14,72.93,63.78,34.63,54.31,66.86,45.02,72.89,43.62,16.08,45.94,66.66,68.41,59.61,53.87,55.83,17.53,54.59,76.22,58.95,54.79,47.85,63.68,69.09,56.41,62.32,210.17,55.03,62.63,56.56,148.5,10.64,61.45,62.21,42.88,30.96,38.51,63.5,37.39,51.57,34.21,27.05,31.67,105.11,39.55,94.22,41.04,37.46,15.73,26.23,61.29,53.0833,34.09,59.97,106.35,51.74,12.56,67.54,23.02
2013-04-01,17.02,63.1285,82.54,39.96,51.38,35.18,76.07,43.36,46.28,33.73,64.66,40.09,161.54,34.94,48.55,12.57,51.03,52.06,92.33,38.8,30.58,45.01,41.24,35.37,62.22,33.4,31.875,49.17,91.07,13.48,2.54,43.32,102.6199,153.41,73.52,76.97,266.98,58.27,81.1,66.29,61.35,18.415,77.21,87.16,86.69,37.385,70.71,25.53,14.53,127.18,35.82,43.08,41.42,67.42,69.4,396.01,41.83,12.15,72.47,85.6,31.41,22.13,95.65,50.2166,35.675,193.66,27.91,256.5,23.74,104.17,7.83,38.685,100.86,35.83,41.69,86.86,25.23,25.28,36.89,46.73,89.1,69.69,34.35,13.96,58.255,47.485,37.958,32.205,20.4,59.5,104.65,47.35,62.31,88.53,58.935,35.95,20.73,61.99,327.42,115.81,27.94,21.99,23.89,55.06,33.485,62.94,107.8,60.2,106.0,45.34,44.675,21.04,24.64,44.1,35.11,38.27,72.32,54.75,118.99,97.49,44.32,16.43,86.19,44.72,56.42,50.77,24.32,79.07,69.8,37.89,56.89,66.64,48.56,72.76,46.9,17.02,51.74,68.34,72.56,59.32,56.19,58.17,17.61,55.64,80.0,60.93,57.46,50.36,63.98,69.73,55.59,64.035,217.0,54.97,67.94,57.55,150.5,10.79,61.25,63.37,41.105,34.42,35.79,60.49,39.24,51.54,37.34,25.63,32.99,98.41,42.2,88.84,43.98,39.71,16.28,26.0,66.3,55.7433,34.2,57.23,108.1,54.59,13.01,70.14,23.03
2013-05-01,16.91,63.4942,83.85,45.74,54.06,36.77,81.44,45.14,44.12,33.79,67.39,39.23,170.49,36.24,51.48,13.86,57.53,54.29,105.24,42.0,31.11,47.69,43.75,43.8699,60.82,32.88,30.82,49.28,98.0,14.5,2.81,40.4,105.05,154.95,74.35,78.54,253.9,52.66,80.55,72.5,60.38,18.835,73.45,84.17,86.69,37.75,72.3,25.35,14.95,133.5,32.06,41.22,41.74,68.25,72.51,409.19,41.42,12.2,69.55,91.08,30.68,25.69,94.31,51.5699,35.245,215.39,28.13,265.38,22.065,105.97,7.47,38.985,108.88,35.33,44.22,84.07,26.97,24.1,37.48,45.75,88.78,77.07,34.43,13.82,58.96,48.025,37.152,31.815,19.9,59.46,100.48,48.66,66.2,83.25,59.72,36.24,20.99,60.84,360.95,105.25,29.98,23.09,24.68,57.78,33.785,62.65,110.4,60.15,108.13,46.41,41.21,20.83,24.55,44.73,37.47,32.23,61.97,58.97,121.25,84.88,46.48,17.26,88.81,43.68,56.23,52.0,25.97,78.7,71.2,39.34,62.88,70.56,47.64,68.77,48.66,17.57,51.43,72.86,75.0,59.325,55.26,61.76,17.59,52.38,84.75,63.61,60.99,51.75,69.38,66.22,55.2,60.195,214.75,57.68,74.79,59.23,156.13,10.31,61.02,71.22,31.76,37.28,36.02,55.97,43.48,48.94,36.42,27.85,30.24,93.66,46.53,76.1,43.415,41.93,17.03,24.27,56.5,52.3066,34.89,56.56,116.22,53.74,13.6399,73.68,22.1
2013-06-03,17.54,64.3899,81.54,42.88,54.01,36.63,82.48,42.98,45.94,32.31,68.66,37.95,177.74,34.11,45.8,12.2099,60.46,55.84,123.73,44.68,30.41,49.84,43.75,46.22,66.9,36.03,28.475,48.24,97.89,15.21,4.02,43.27,100.61,163.85,81.91,77.83,268.96,62.2,74.87,77.07,63.69,19.625,82.71,87.85,94.39,39.09,68.62,25.59,14.4,132.67,37.68,43.4,40.06,75.89,75.08,408.35,45.65,13.69,70.42,99.36,33.06,28.23,98.96,51.6666,34.275,234.15,30.16,279.94,21.565,114.76,9.25,40.71,106.88,33.67,47.07,85.91,27.3,23.24,40.44,49.5,89.65,71.25,32.73,15.25,62.06,49.19,38.318,30.415,21.98,56.73,112.74,47.47,68.02,83.15,57.91,39.56,20.125,67.97,361.01,119.75,26.97,24.615,23.19,61.18,35.25,64.93,113.0,61.58,109.92,42.86,42.37,24.26,25.3,45.71,34.12,32.43,64.38,57.76,122.35,83.63,52.06,18.12,87.51,47.75,61.91,53.06,24.4,78.8,70.38,40.39,63.06,60.89,48.5,78.38,46.11,16.59,51.91,66.59,66.96,62.15,56.9,56.46,23.01,53.86,84.72,57.01,61.0,45.93,67.86,71.91,57.62,65.075,202.35,56.58,79.99,62.18,157.07,11.67,66.4,69.18,33.31,31.38,39.02,57.52,41.99,52.46,42.25,24.265,31.04,96.51,39.29,80.6,43.835,44.89,18.23,24.37,63.26,56.1999,34.27,62.83,107.89,55.93,15.93,77.23,23.37
2013-07-01,16.5,57.5271,81.72,41.4,56.11,34.97,72.14,45.23,45.0,34.11,68.83,34.01,180.99,34.44,44.98,12.11,64.18,58.53,126.63,44.82,30.31,51.17,43.89,42.74,62.59,37.01,26.1,48.3,93.73,15.06,4.11,42.44,100.2,163.5,81.6,73.43,279.0,52.4,73.63,82.0,64.87,18.16,84.21,86.33,91.51,39.295,66.02,23.49,14.25,134.81,37.85,42.96,41.29,75.53,75.98,424.44,43.05,12.95,69.64,102.93,34.08,27.9,99.43,45.6333,33.845,220.25,28.22,257.61,20.85,112.51,9.32,43.3,106.27,35.0,47.54,83.04,29.0,23.55,46.76,48.89,89.87,72.5,34.56,14.6,59.65,48.5,34.644,30.905,20.46,56.86,124.2,46.24,73.17,83.53,57.6,40.04,20.945,76.01,366.45,109.25,26.96,26.3,23.78,63.17,35.84,63.6,119.64,60.73,111.55,44.92,38.56,24.42,23.33,45.66,35.32,31.7,60.68,57.72,118.35,84.22,48.5,18.8,81.88,48.01,60.81,51.03,21.38,77.6,70.66,43.34,63.84,61.59,50.66,78.49,46.21,15.69,50.73,67.6,67.9,60.815,52.12,57.14,22.89,52.2,85.54,58.52,58.95,48.23,66.48,70.36,54.58,66.895,187.53,58.34,79.8,62.73,159.74,12.66,65.76,69.94,33.66,30.95,38.58,60.32,42.18,46.0,38.83,24.9694,28.62,98.72,37.52,70.0,43.85,43.14,18.23,27.18,59.84,54.35,35.49,61.56,104.12,56.17,15.61,78.06,23.21
2013-08-01,19.44,65.1075,83.17,45.14,58.39,36.89,74.21,47.62,49.57,36.72,70.51,34.79,199.38,35.72,46.48,12.53,64.38,62.39,134.76,46.02,29.46,54.55,44.85,47.51,62.49,43.23,30.755,51.93,117.55,16.45,3.81,46.74,109.6,182.5,89.95,71.4,303.08,57.3,81.0,86.03,67.87,20.855,81.85,89.47,109.49,39.64,68.91,24.0,17.99,135.88,37.03,45.09,43.01,74.53,87.5,447.58,45.51,14.845,73.5,105.99,35.98,30.18,104.0,49.35,36.62,218.82,31.83,286.0,22.52,116.98,10.96,48.21,106.92,36.49,50.73,83.62,30.1,23.36,50.64,54.24,92.17,70.54,37.4,14.69,74.09,49.3,39.684,32.445,24.06,60.2175,125.75,49.32,78.06,86.7,60.27,42.94,22.885,74.84,414.9,122.6,28.17,27.92,25.38,69.48,38.44,71.59,128.47,65.72,118.07,47.16,44.17,25.79,25.05,47.74,36.06,36.365,72.28,62.01,126.49,92.23,52.84,21.53,83.74,49.96,58.64,54.97,20.36,80.45,72.75,44.59,65.16,55.29,53.81,86.49,47.05,16.67,49.38,71.07,71.33,58.5,55.51,59.68,26.33,52.14,92.87,60.14,63.68,50.0,66.13,80.77,61.98,73.785,180.18,56.26,87.45,66.2,162.66,15.01,69.53,67.76,36.1,30.58,40.57,47.6,42.33,49.45,41.74,37.3,28.94,106.79,38.18,88.26,48.29,43.35,19.44,32.74,63.19,57.33,36.42,66.58,106.1,54.0,17.04,85.8,24.6
2013-09-03,16.38,70.4428,81.3499,43.0,57.46,33.68,72.72,46.21,46.97,35.43,71.98,37.11,198.28,34.05,43.03,12.87,63.83,58.52,136.68,47.1,27.76,53.73,41.97,46.4,63.05,44.33,28.84,48.92,109.34,15.2,3.32,43.51,110.53,177.29,87.59,69.82,284.73,46.56,85.12,85.62,67.17,21.285,86.5,92.43,103.3,38.125,62.21,23.37,16.81,124.78,38.82,43.3,40.79,72.59,86.53,421.45,47.04,14.3,70.26,105.13,34.41,36.44,98.42,46.68,33.7,216.0,30.13,265.0,22.475,112.32,10.77,48.93,103.1,34.15,50.82,83.15,29.71,22.19,46.3,52.62,88.69,69.32,35.94,13.56,70.885,47.15,38.492,30.0,26.07,57.46,122.66,46.26,79.45,83.25,58.35,41.33,21.305,71.94,410.25,125.0,26.7,28.845,23.09,65.31,39.77,71.2,131.79,66.96,112.81,43.3,49.46,23.58,24.92,48.27,33.32,37.0,71.56,58.44,121.34,97.91,49.37,20.05,84.31,47.77,58.87,54.47,17.91,78.73,71.88,45.5,61.42,56.11,53.14,85.83,45.01,14.8,46.74,67.28,65.89,54.365,57.78,58.89,27.03,50.58,92.54,56.51,59.63,46.1,66.06,77.2,61.06,79.73,175.56,52.26,86.97,64.48,144.53,14.27,64.28,63.48,35.55,30.66,40.91,47.4,41.49,44.61,37.31,41.84,31.07,108.45,37.69,84.22,48.93,44.91,18.53,31.72,64.08,56.62,32.51,67.45,97.97,54.35,16.42,84.32,23.31
2013-10-01,18.98,68.3499,82.7,44.81,61.18,33.17,73.54,52.1,47.07,36.8,72.58,40.36,211.23,34.91,43.52,13.33,64.2,62.61,144.0,48.52,27.88,54.19,43.68,51.74,62.65,48.0,31.43,50.67,116.8,17.58,3.82,46.13,111.99,182.93,91.2,74.13,314.22,43.93,86.82,83.8,74.63,22.595,84.76,92.89,105.72,38.695,63.91,24.3,16.68,127.09,43.14,43.49,40.97,75.64,92.94,421.86,50.7,13.85,65.69,117.97,33.93,37.56,100.11,50.58,34.14,242.85,30.29,270.0,22.44,113.74,11.78,50.825,107.06,30.29,52.29,83.56,29.64,23.09,45.2,55.29,93.73,73.21,32.68,13.5,77.35,52.52,42.0,30.06,25.83,59.71,134.8,47.17,76.9,81.75,59.23,39.43,22.575,73.8,429.19,132.01,26.34,31.985,24.02,69.04,37.32,68.12,130.0,69.46,115.11,40.56,52.14,23.33,25.75,51.35,31.34,40.89,70.75,56.76,121.27,109.25,48.85,23.68,81.25,50.55,61.84,56.59,19.47,84.05,78.52,45.03,64.37,53.22,57.32,89.81,44.78,15.39,46.32,66.16,67.45,56.89,57.86,62.92,25.69,55.65,98.87,55.18,59.68,46.12,69.9,77.85,64.72,84.305,183.11,53.61,88.97,62.01,148.14,16.51,68.72,63.39,34.995,29.67,43.9,51.69,45.88,50.12,41.6,49.97,32.48,114.24,36.75,86.1,50.685,46.47,17.98,31.28,70.77,62.25,33.89,71.63,101.73,55.3,16.93,87.45,23.94
2013-11-01,22.04,74.8599,98.26,48.64,65.55,36.69,73.89,54.61,49.68,41.03,75.35,40.11,236.73,36.28,47.0,14.08,62.71,65.17,155.14,48.67,27.97,58.74,47.48,45.01,66.12,56.96,35.57,53.31,124.06,17.85,3.37,47.85,117.07,198.21,100.67,79.45,365.63,48.92,87.53,85.15,79.38,25.91,88.89,95.44,108.95,40.29,65.89,27.93,16.68,125.86,45.79,47.3,43.0,82.12,100.43,436.01,50.92,13.995,66.02,130.9,33.95,43.37,105.56,54.03,36.44,245.57,31.93,300.92,24.465,115.28,11.69,51.62,103.96,31.85,58.34,83.78,31.96,23.15,50.11,59.28,95.44,75.94,34.67,13.05,74.635,56.31,43.0,32.135,27.9,60.05,134.7,50.12,76.99,89.56,64.82,43.27,23.925,74.2,526.78,127.42,27.56,27.98,24.64,68.79,35.24,70.03,129.44,73.56,118.71,42.49,53.54,22.66,26.09,54.0,33.84,43.645,57.13,62.42,119.04,110.55,48.87,26.46,81.84,51.87,60.01,57.83,18.99,89.06,82.25,48.2,68.71,48.0,58.88,91.85,47.45,16.63,51.64,69.26,71.96,56.2,63.19,63.96,26.24,52.94,106.2,58.43,64.7,49.19,70.7,79.0,67.27,89.305,161.0,52.45,85.72,62.93,161.98,16.97,70.55,64.92,32.72,28.65,45.51,58.98,46.25,49.82,43.07,50.85,36.87,131.77,37.93,81.47,52.415,48.95,19.08,28.48,73.89,69.73,34.82,72.79,108.82,50.53,17.24,86.85,26.05
2013-12-02,23.55,79.7142,101.35,48.49,70.79,38.24,77.42,56.74,47.8,40.33,79.95,45.27,240.77,35.93,47.21,14.57,68.97,66.35,163.46,49.77,25.01,64.96,46.38,44.71,68.87,54.8,38.885,54.28,124.58,17.27,3.65,49.16,114.29,200.43,108.31,77.63,399.0,58.89,85.56,92.9,81.55,27.085,91.22,88.92,108.95,42.515,63.17,28.86,17.33,118.18,45.49,48.6,42.39,86.02,102.48,460.52,53.47,15.84,69.01,134.99,34.82,40.59,108.76,55.43,37.5,291.71,33.79,302.5,25.005,116.5,11.61,53.76,99.85,33.0,64.36,84.7,32.97,24.25,52.47,58.6,102.59,74.1,35.9,13.26,80.935,57.59,43.572,32.655,26.99,58.81,134.84,52.41,87.37,93.43,65.64,45.43,24.91,82.02,521.5,132.55,26.53,29.785,23.17,72.65,34.57,72.73,131.64,73.39,125.66,38.66,52.01,21.29,27.27,55.63,30.63,46.57,59.01,67.1,122.87,104.7,52.96,29.0,84.26,53.49,61.05,56.91,19.82,86.34,81.1,54.05,70.79,47.08,55.63,88.41,48.47,15.13,53.19,66.86,70.13,59.44,60.89,64.8,22.28,52.21,106.9,55.21,67.47,46.21,74.99,77.21,66.99,83.0,161.1,51.3,85.1,67.32,151.6,17.96,72.66,62.06,32.835,26.95,43.91,63.6,42.07,46.71,43.49,46.9,34.68,139.15,32.91,82.11,55.235,50.8,20.36,29.61,77.9,71.53,38.8,72.89,103.25,48.21,17.12,91.4,26.65
2014-01-02,25.07,79.3828,110.36,52.12,70.11,38.09,81.5,59.06,49.52,43.22,80.17,49.33,262.44,36.05,46.98,14.51,68.21,66.63,167.33,50.81,25.9,66.04,46.67,47.11,63.38,57.06,36.665,54.09,132.46,17.69,3.85,52.43,114.36,215.92,114.58,79.51,398.8,58.2,86.44,92.0,83.36,26.965,85.82,79.03,111.56,44.365,63.34,31.59,17.91,118.25,52.85,50.09,42.01,90.9,109.22,477.67,57.1,15.69,69.54,136.01,37.18,39.75,110.41,57.36,37.775,279.44,34.3,315.38,25.625,118.34,12.02,55.89,100.22,33.66,66.45,90.41,33.49,26.27,51.89,63.25,102.78,73.14,39.64,14.0,84.505,55.48,46.606,33.13,27.07,58.21,137.15,52.15,86.99,92.75,64.89,47.24,25.9,77.96,530.0,140.43,26.8,29.48,23.17,76.61,38.57,74.0,123.25,70.27,118.71,43.08,55.2,22.17,28.61,59.25,31.74,50.125,63.04,71.16,124.46,106.44,52.03,27.26,90.95,55.79,53.45,60.38,21.81,90.21,83.22,57.99,76.04,49.63,55.99,96.54,48.86,15.25,54.18,66.4,69.2,63.36,61.69,64.61,22.9,54.97,103.58,55.15,68.95,46.06,74.99,80.31,69.83,83.285,177.63,51.74,89.88,70.0,141.79,19.71,75.74,63.35,32.84,27.46,44.31,69.08,42.09,47.51,45.5,54.83,37.69,142.9,32.96,90.42,59.05,53.4,20.94,29.92,79.82,78.17,41.36,75.27,101.38,51.94,15.42,94.85,27.86
2014-02-03,33.95,71.8014,115.44,49.4,67.13,36.58,80.02,59.08,48.23,39.28,76.61,51.01,240.0,37.85,48.93,14.06,68.49,62.86,190.0,48.0,28.0,65.43,46.08,48.88,64.48,59.08,39.3,51.2,158.385,16.6,3.43,49.6,119.68,198.4,105.65,80.74,358.98,51.38,78.51,86.0,80.19,23.56,80.26,80.73,105.47,43.4,70.57,34.56,17.35,123.5,54.8,49.44,42.5,84.99,126.9,496.94,58.15,16.77,68.35,124.24,37.45,23.54,108.32,51.94,38.435,314.84,31.89,297.05,25.65,112.11,13.55,53.78,107.93,31.75,67.96,93.74,32.0,26.48,52.1,58.59,93.44,70.96,39.42,14.06,75.905,56.75,46.268,32.325,26.85,57.91,137.73,48.55,86.46,88.51,61.22,45.75,27.37,74.48,550.21,127.13,27.75,30.37,23.47,70.52,40.55,75.67,123.29,65.1,112.96,41.38,61.1,21.93,26.93,57.13,28.9,48.57,54.15,67.52,112.35,97.67,47.84,30.64,85.79,53.66,52.2,56.48,23.49,78.37,73.83,56.06,72.66,51.06,50.49,86.3,47.88,15.65,49.48,68.23,70.68,64.94,59.19,67.84,26.36,53.14,100.29,54.45,70.01,48.39,68.87,78.11,65.86,82.305,185.78,55.23,92.8,75.21,157.77,20.03,73.44,63.23,32.645,29.12,40.84,65.07,45.69,43.76,44.7,63.03,32.42,132.93,31.52,104.58,56.39,50.73,20.94,31.75,75.87,72.07,38.47,70.58,108.53,49.46,15.0,101.0,25.13
2014-03-03,36.17,74.7742,125.92,50.34,67.11,39.5,82.56,68.06,50.58,40.14,77.05,51.32,281.32,40.33,49.97,13.58,72.3,63.37,213.0,49.13,29.68,64.9,45.78,60.49,65.23,53.29,42.69,53.71,174.77,18.7,3.66,52.77,122.89,186.44,107.22,81.08,358.735,50.41,82.83,89.87,84.86,24.565,79.0,83.92,120.59,43.755,72.03,34.65,19.12,128.69,61.15,49.05,44.66,90.6,140.19,536.54,56.12,16.3,68.91,127.18,37.19,26.4,114.68,52.47,41.74,340.68,31.64,300.76,27.47,116.15,12.91,60.79,111.98,28.32,71.07,96.32,33.32,27.79,53.3,65.82,96.72,75.08,38.68,15.17,79.525,60.59,50.602,33.865,25.71,51.67,125.4,46.68,78.77,86.61,62.23,47.64,25.54,73.18,561.0,144.17,28.29,31.72,23.53,72.69,34.88,82.02,127.87,66.36,116.22,42.93,60.65,21.57,27.52,60.0,31.02,51.5,59.3,72.59,114.79,120.81,47.8,32.39,85.63,56.96,52.9,59.58,23.79,82.95,76.66,58.29,80.3,53.7,54.45,77.89,51.84,16.61,49.18,71.41,70.59,68.27,64.0,68.97,28.47,57.88,106.2,55.74,69.67,52.2,68.46,86.54,64.8,94.525,188.97,58.36,101.46,74.77,166.92,22.16,73.95,63.6,34.685,30.24,39.29,76.45,48.76,47.05,46.02,66.96,32.71,132.05,30.68,110.3,57.69,55.0,21.53,33.89,76.7,80.38,41.3,76.36,110.85,49.96,15.2,108.06,25.21
2014-04-01,36.95,76.8228,126.96,51.62,65.6,38.49,79.6,65.9,53.5,43.42,77.05,48.86,274.58,41.12,50.77,14.33,75.13,63.47,205.34,50.32,30.0,65.32,47.57,58.76,66.59,51.88,46.365,56.83,153.21,20.37,4.04,51.72,123.67,203.26,110.57,81.98,338.09,50.53,77.27,98.5,84.58,23.14,82.79,84.88,118.93,45.965,71.81,38.85,20.44,131.32,64.55,50.93,45.38,90.4,132.72,539.95,56.2,17.28,73.87,126.24,40.32,26.41,118.0,54.44,45.135,308.42,35.81,316.12,27.485,125.07,13.55,61.79,114.58,31.01,70.3,98.94,31.08,27.56,56.72,62.25,99.3,74.13,37.83,15.6,71.0,55.91,52.32,34.475,25.71,52.71,123.71,47.66,83.93,87.98,64.87,52.0,25.17,74.42,568.01,149.39,29.33,31.455,23.72,77.33,34.08,79.85,136.92,70.47,112.21,43.93,57.61,22.33,29.07,59.77,32.81,50.78,57.68,74.56,119.15,123.16,47.72,34.93,90.98,58.34,58.15,55.5,21.72,83.23,77.48,62.45,80.39,53.31,51.52,82.0,54.39,16.89,50.95,74.23,71.39,69.0,66.91,70.85,29.13,55.59,108.45,53.57,68.22,56.62,67.52,86.3,66.64,99.38,185.48,58.15,96.7,75.5,170.72,23.13,74.77,66.81,37.385,33.6,39.67,72.68,48.77,49.64,42.19,60.46,33.01,133.0,34.13,107.05,57.05,53.57,23.09,36.06,77.73,78.5,47.26,77.19,114.94,52.36,15.67,109.16,25.83
2014-05-01,35.86,84.5713,124.07,51.89,64.76,38.65,80.18,61.69,51.38,43.74,77.97,47.84,242.44,41.42,53.99,14.46,71.8,62.69,204.67,53.02,30.86,67.39,45.11,53.49,67.54,50.35,47.22,56.93,157.56,19.11,4.13,52.55,111.38,199.1,111.79,84.05,304.13,57.44,75.54,100.68,84.66,23.43,86.77,99.15,117.57,47.745,73.76,40.35,19.97,136.76,62.92,48.65,45.66,87.53,124.75,529.12,53.94,15.14,72.85,128.74,37.35,26.13,112.93,52.38,44.76,287.11,33.92,299.98,28.46,128.81,12.64,62.08,117.33,30.43,66.77,105.2,30.07,29.0,53.35,57.85,102.17,72.86,39.3,15.6,73.625,51.03,48.948,34.495,28.81,58.88,135.36,48.8,82.97,88.69,67.18,48.37,25.91,70.81,498.51,150.46,30.3,33.295,25.23,73.9,39.26,77.6,132.12,75.01,115.68,45.39,51.9,23.14,28.19,59.16,34.91,47.96,60.16,72.44,125.66,129.42,47.81,37.0,93.15,55.76,55.81,56.71,22.35,76.02,70.48,59.14,79.35,53.29,52.34,86.36,55.5,17.45,49.72,78.29,74.6,69.39,69.94,72.58,28.48,52.02,104.62,58.1,70.81,56.77,72.21,87.04,68.12,98.33,188.01,58.0,109.08,66.62,173.7,22.48,72.27,72.69,40.635,35.45,41.3,71.3,52.44,49.94,42.14,60.43,34.22,136.36,33.81,104.65,60.79,53.51,20.56,34.1,75.57,73.02,46.75,76.74,117.88,56.65,16.15,109.51,26.73
2014-06-02,40.0,90.5656,124.22,54.43,73.31,40.02,81.1,64.54,52.41,44.89,79.65,52.45,259.39,39.33,53.2,14.09,77.92,61.5,212.0,54.16,31.48,67.97,45.93,54.56,69.29,54.75,49.36,58.47,163.95,19.99,4.03,53.06,116.72,189.27,112.99,89.67,312.59,56.44,73.34,108.56,90.11,24.7,93.09,103.23,120.0,47.975,75.92,41.31,20.82,141.74,71.21,50.51,48.82,91.79,125.5,532.5,56.96,15.16,74.41,135.5,38.02,27.56,117.68,55.42,46.715,318.93,34.56,304.96,30.31,128.28,12.86,62.89,120.47,32.31,70.71,102.42,28.78,29.89,50.7,59.62,103.82,76.84,40.09,16.71,76.285,54.22,48.664,34.645,28.76,59.9,142.89,49.1,90.13,89.47,68.13,48.06,26.055,72.06,548.0,153.45,29.76,37.355,24.09,78.92,36.21,79.02,129.65,80.21,115.84,45.86,52.63,24.64,29.46,61.92,37.74,48.61,62.0,78.36,122.93,131.55,47.6,40.14,91.29,59.13,59.85,53.79,23.69,77.03,75.04,58.63,84.27,57.54,52.99,87.3,57.76,17.71,50.16,75.98,70.95,70.81,73.85,69.0,34.98,50.68,109.12,55.0,71.02,55.04,76.6,88.26,66.87,105.95,199.11,61.81,106.74,70.87,180.77,20.42,73.75,75.56,40.56,36.62,45.58,73.69,52.41,48.84,39.97,63.23,34.32,144.31,33.88,108.93,60.09,54.11,20.79,34.95,75.09,73.98,48.25,76.63,119.93,58.1,16.51,118.11,26.71
2014-07-01,43.44,93.52,135.86,56.42,72.67,41.18,81.09,72.09,53.77,44.29,79.62,56.07,282.93,40.68,55.83,15.57,81.49,62.26,226.8,54.99,32.28,65.98,46.56,61.1,71.82,56.33,47.625,58.93,157.81,22.69,4.21,52.51,119.39,207.45,120.2,90.08,325.86,58.6,75.9,108.27,90.19,24.785,100.95,110.72,128.3,48.47,77.89,44.79,22.39,142.14,72.48,51.42,49.35,95.42,129.87,537.0,57.74,15.38,72.63,127.66,39.49,31.15,118.8,57.64,47.24,317.03,37.85,321.7,31.43,126.72,12.78,65.59,118.35,29.73,68.79,109.08,28.84,32.04,49.08,62.34,104.17,74.53,37.76,17.55,86.45,51.67,48.456,35.0,29.7,64.07,158.68,48.04,92.0,91.16,68.5,50.24,26.93,70.98,596.35,153.37,31.18,37.9,25.58,83.12,34.15,78.35,140.48,86.25,115.54,45.84,58.24,24.99,31.0,63.63,36.22,49.25,62.88,75.89,130.94,145.97,47.42,39.0,90.81,62.36,58.87,57.57,24.57,74.35,72.81,65.35,85.81,58.48,54.41,91.04,58.75,18.17,46.48,77.96,74.2,72.67,79.85,71.53,36.03,50.19,111.72,57.75,72.83,58.02,74.54,87.41,66.18,117.44,211.01,63.21,106.71,69.92,185.03,21.32,77.49,81.88,43.045,36.08,44.16,80.0,53.43,49.57,40.01,67.58,36.88,152.0,34.63,112.0,60.62,54.89,21.46,34.89,77.25,74.6,50.73,71.22,121.21,61.39,17.34,115.17,26.27
2014-08-01,38.75,94.9,121.72,52.03,77.28,42.12,78.97,69.01,49.61,46.33,80.87,53.36,260.89,38.6,52.0,14.68,77.2,59.12,219.36,51.815,34.04,63.69,44.9,58.79,60.97,54.0,43.66,58.5,158.62,20.94,3.91,48.74,126.17,198.32,118.2,94.75,313.69,59.95,76.65,109.65,84.27,23.23,99.88,105.87,134.18,48.15,78.45,48.78,22.42,148.6,69.92,47.47,47.72,86.6,107.34,514.38,56.19,15.18,74.66,120.45,36.76,29.13,115.84,53.52,43.73,332.93,38.9,300.7,30.935,125.0,12.58,61.26,118.82,30.24,71.63,100.52,28.79,31.13,48.47,56.47,100.2,74.24,36.21,16.77,86.61,55.25,50.652,32.82,26.35,67.45,155.68,45.82,94.34,87.29,63.06,49.27,26.77,73.71,674.81,139.22,28.85,36.055,24.29,79.8,32.78,73.58,160.49,81.91,117.8,42.01,53.89,25.14,29.62,62.35,39.05,49.12,67.73,76.2,127.76,137.74,48.59,37.38,85.22,60.35,60.88,55.31,20.68,85.0,83.01,61.83,85.39,64.29,54.56,85.4,58.91,18.01,46.74,73.6,72.93,71.35,75.11,67.48,33.55,52.78,108.43,55.92,75.76,55.85,74.23,78.76,63.42,108.65,213.56,64.33,95.25,69.62,189.91,20.94,67.58,72.92,46.0,31.52,43.25,82.18,51.74,44.34,37.72,72.22,37.12,147.31,31.13,109.0101,61.56,56.22,20.4,33.03,73.92,73.74,47.58,65.5,122.22,60.43,17.05,117.38,25.07
2014-09-02,39.0,103.06,137.14,55.43,77.51,42.17,80.95,72.06,51.1,49.98,83.68,53.955,264.41,39.93,53.66,15.17,82.66,61.62,227.0,56.29,34.28,66.78,47.34,60.5,63.65,54.46,46.34,61.73,169.99,22.89,4.16,53.13,139.62,212.23,126.45,99.13,339.98,64.86,81.59,116.46,87.39,24.645,101.82,112.08,133.17,51.835,79.21,49.92,23.53,154.35,82.97,48.07,50.06,89.9,124.45,534.67,57.23,16.14,74.95,125.62,37.48,32.03,117.3,56.69,46.28,345.47,39.3,332.41,32.375,138.03,12.69,62.23,121.27,32.19,73.72,109.03,28.24,31.84,53.17,59.3,106.66,79.77,37.73,17.61,95.5,57.92,51.796,34.24,27.1,68.34,156.67,48.28,94.92,88.65,64.44,50.49,27.355,76.58,678.85,145.37,30.56,39.035,24.85,82.34,33.91,76.97,163.49,81.06,121.0,44.75,59.2,24.94,30.98,66.42,41.07,45.99,70.22,79.47,129.2,141.85,51.78,39.8,84.01,62.84,63.25,64.5,21.67,43.9,43.05,65.32,90.18,65.47,53.87,88.16,62.82,18.57,47.31,78.13,74.02,74.95,75.3,70.33,37.82,55.48,114.94,57.88,78.93,59.25,76.68,82.81,64.33,109.57,217.65,66.63,99.06,74.2,193.34,22.38,70.0,77.33,49.68,33.43,41.34,86.43,52.72,45.39,43.31,75.01,36.04,148.72,34.24,124.5,64.57,56.91,20.41,33.8,73.74,76.47,56.29,66.27,124.68,61.84,17.48,123.35,25.89
2014-10-01,34.72,100.59,129.89,57.93,78.21,42.05,81.18,69.13,49.35,51.17,73.03,53.48,248.27,38.32,52.34,14.19,81.2,58.01,241.2,54.04,31.81,64.11,45.36,59.51,58.73,51.81,43.14,61.33,166.86,21.66,3.39,49.98,140.39,200.11,122.73,93.86,322.04,61.09,75.37,119.27,87.49,23.575,93.59,101.44,129.44,49.75,73.67,48.39,20.84,141.13,87.12,44.51,48.21,86.9,125.0,509.66,56.85,17.07,71.26,127.37,37.14,33.34,114.03,54.5,45.115,330.97,38.7,327.47,31.535,138.37,11.81,52.52,115.44,33.05,75.02,98.64,27.87,29.65,53.61,53.5,105.06,80.77,40.0,17.22,95.24,59.22,55.832,35.055,23.02,66.18,151.0,46.91,90.79,96.0,65.22,49.93,26.845,79.96,666.5,131.4,29.65,41.37,24.52,81.75,32.64,78.14,155.5,76.27,125.25,42.51,57.29,25.2,31.86,70.22,40.72,44.75,71.19,79.45,118.8,125.7,51.68,35.35,81.81,64.26,60.81,61.23,20.51,37.63,37.25,64.69,89.08,62.42,55.83,80.21,64.23,17.16,51.32,76.22,75.05,73.3,67.69,69.42,35.54,55.15,114.89,56.87,74.64,56.01,74.38,80.69,62.02,99.21,212.41,61.58,91.82,70.75,178.75,22.52,63.03,77.33,51.155,34.19,40.5,87.33,51.51,45.0,41.34,78.78,32.8,161.0,33.57,118.5,64.58,56.11,20.03,31.19,67.04,70.24,55.57,56.69,118.44,54.19,14.77,126.17,25.43
2014-11-03,41.44,108.22,148.16,63.66,85.81,43.56,81.03,69.93,49.72,47.24,81.5,57.77,283.46,42.44,58.41,14.15,82.78,59.86,242.39,53.79,35.91,68.43,47.9,60.18,58.46,52.77,53.22,64.5,192.01,22.19,2.81,52.13,162.08,200.0,126.55,95.83,306.24,71.96,78.46,126.61,86.19,26.675,78.02,92.53,134.61,50.66,83.24,50.34,20.215,156.14,86.44,46.93,53.37,90.32,139.9,556.0,39.9,17.18,70.13,125.35,37.94,34.14,128.54,55.59,46.23,320.78,38.76,342.94,32.115,140.88,13.31,56.49,127.07,34.22,78.66,101.61,29.05,32.0,59.25,54.65,109.47,78.71,40.15,17.92,106.53,63.32,52.25,36.19,22.44,69.28,158.99,49.7,99.64,99.98,66.8,47.57,27.63,84.11,638.28,146.02,32.73,46.605,24.63,83.0,31.44,84.37,164.89,72.26,133.82,44.01,63.92,24.45,35.74,73.24,41.53,48.98,64.44,86.03,119.83,109.8,53.42,40.28,85.5,63.95,63.52,62.88,22.79,35.35,34.98,63.36,91.24,68.48,60.84,79.55,69.09,18.99,51.81,82.36,82.23,78.08,60.21,71.53,41.16,52.32,111.64,63.33,75.81,62.67,75.4,82.51,64.24,95.05,208.84,69.68,94.15,76.82,201.38,22.31,68.37,84.3,60.435,36.55,42.69,84.74,57.95,43.99,43.27,75.47,28.7,167.15,37.34,122.0,69.62,58.62,19.99,33.6,66.52,67.95,56.01,57.48,132.57,56.14,14.1,139.76,25.49
2014-12-01,49.0,118.81,146.41,69.08,90.64,44.27,85.88,73.64,54.48,52.66,85.18,61.72,283.22,42.86,57.31,13.8,87.7,59.58,269.34,54.56,37.25,67.16,47.84,64.16,59.0,56.74,58.53,68.07,194.65,24.04,2.77,50.71,165.12,201.94,131.27,103.75,338.12,76.63,83.06,128.25,92.28,26.9,63.41,78.76,143.63,53.41,85.49,52.2,21.63,160.82,93.05,48.91,52.13,92.07,138.29,575.98,42.69,16.92,73.13,134.31,37.43,38.87,140.03,56.83,48.98,306.43,39.95,356.72,33.525,148.61,12.79,56.47,129.48,36.35,81.81,100.24,30.97,33.66,59.82,54.56,114.0,82.81,43.75,18.76,113.71,64.48,53.544,38.12,19.99,73.39,169.57,50.75,102.63,100.28,68.67,46.22,28.485,84.59,664.66,145.64,32.97,49.06,23.85,82.54,32.78,85.44,168.59,65.93,143.32,44.99,59.09,27.5,35.95,72.91,40.82,53.89,66.12,91.42,109.38,94.37,53.8,46.55,87.95,65.54,65.22,66.96,25.49,34.63,33.87,79.0,92.63,70.21,68.32,74.95,72.84,19.39,56.89,81.06,80.39,76.47,58.69,72.16,43.76,54.76,106.6,62.93,79.43,63.13,73.69,82.99,63.29,85.52,227.15,70.93,90.01,82.99,202.03,22.66,67.57,83.21,64.795,35.94,46.75,87.25,59.27,45.05,44.79,77.26,26.71,178.79,36.74,129.61,71.22,60.83,20.02,31.54,61.1,59.27,57.5,54.29,132.25,46.83,15.78,145.0,26.16
2015-01-02,54.28,111.39,160.85,65.62,90.61,45.25,89.67,72.7,55.68,52.2,82.98,60.06,288.62,46.29,60.88,13.86,89.71,61.5,260.27,56.53,37.33,68.52,47.25,63.48,60.37,57.24,60.54,70.59,186.64,24.99,2.7,52.76,160.16,213.76,132.98,99.16,312.58,74.61,82.09,126.65,95.49,28.31,62.18,80.97,143.39,54.03,89.11,47.61,20.24,164.06,100.93,52.13,53.3,93.17,141.47,623.98,41.18,17.99,73.61,131.07,39.02,39.17,140.27,55.85,43.98,342.84,40.75,357.98,34.3,151.5,13.29,55.24,129.34,36.22,81.18,91.77,30.7,34.51,63.88,55.75,115.38,78.86,45.91,19.15,112.88,64.92,54.846,39.455,19.42,74.85,167.23,52.0,103.64,103.96,69.17,47.07,29.0,89.22,686.0,145.22,34.9,53.16,23.45,82.79,29.47,84.82,162.88,68.5,141.87,44.1,59.9,27.86,36.11,78.91,39.83,52.89,63.93,96.52,111.63,99.69,54.36,49.92,88.79,65.93,68.39,71.0,25.48,34.63,33.76,72.82,94.91,66.35,70.94,72.14,71.95,20.31,59.0,86.83,83.54,75.84,60.63,77.26,47.19,56.38,104.69,66.1,81.37,65.01,76.55,76.03,61.84,91.01,228.51,72.28,76.16,84.91,207.82,24.38,68.39,87.48,64.095,37.34,44.99,85.58,58.72,47.85,45.62,78.58,23.35,173.78,39.1,131.72,71.49,62.33,20.41,32.46,60.78,60.24,56.43,57.08,134.42,46.44,15.59,138.47,25.34
2015-02-02,48.58,118.05,159.0,61.49,95.57,44.93,84.42,70.44,52.1,46.79,81.82,54.34,289.34,45.46,62.81,12.24,92.01,56.9,268.39,49.03,39.85,63.57,44.5,58.6,48.44,53.0,67.7,69.74,184.01,22.92,2.69,48.18,153.41,205.02,125.88,96.95,350.05,81.84,80.82,134.96,90.36,29.725,64.03,83.005,144.37,53.96,97.56,47.46,20.9,172.87,103.25,52.15,56.17,80.96,151.06,600.51,37.9,15.27,70.37,143.72,35.49,35.14,137.51,51.16,44.495,389.03,36.12,342.37,31.93,144.13,14.81,54.15,139.45,35.42,81.37,80.08,30.47,32.49,64.45,54.85,107.9,86.59,43.82,17.97,119.57,66.91,61.486,40.615,19.56,72.01,151.16,50.72,107.08,106.63,67.36,41.92,26.575,85.84,713.55,139.86,37.81,54.825,23.12,73.7,26.86,85.9,158.25,64.47,144.0,45.68,56.88,26.39,33.47,78.78,37.32,54.41,59.34,98.34,103.98,111.66,47.2,47.1,85.53,54.41,71.26,67.14,24.66,29.16,28.06,71.66,91.3,73.0,71.22,69.52,77.43,21.9,61.3,89.86,87.0,75.07,61.34,77.18,55.03,53.11,102.53,69.28,84.41,68.03,70.72,71.04,57.06,90.99,218.05,77.72,75.45,81.33,225.95,23.26,63.62,87.56,62.845,36.0,43.9,86.28,66.0,44.43,45.05,76.11,16.98,169.3,40.38,110.29,73.11,62.86,17.52,30.27,53.97,55.13,53.36,57.92,144.23,37.95,14.75,133.89,24.0
2015-03-02,48.2,129.25,154.71,60.3,102.57,47.34,89.76,79.14,58.81,47.82,88.88,64.05,279.21,42.3,57.39,12.91,99.53,62.19,293.16,55.19,37.64,61.16,46.75,69.8,56.36,57.96,64.4,70.67,180.34,24.94,3.13,53.14,159.29,216.81,133.33,98.81,380.85,91.62,85.9,146.45,100.32,31.585,65.46,83.38,156.25,56.49,96.17,44.52,23.32,168.42,127.21,53.44,53.99,81.73,159.36,642.42,42.34,15.79,69.12,150.75,38.05,38.2,146.93,53.76,46.03,410.67,39.2,367.88,35.945,147.71,17.02,61.58,137.74,34.82,88.71,82.78,32.51,34.34,59.85,59.25,113.64,86.6,44.03,18.41,122.59,72.16,61.13,42.615,16.71,74.4,180.46,52.75,121.42,108.63,70.39,45.9,29.755,95.73,664.97,142.37,35.06,61.41,20.81,78.34,29.0,89.22,164.34,65.36,147.32,46.54,67.38,29.36,34.44,83.52,38.06,62.56,63.75,104.1,106.32,109.5,52.43,45.09,90.4,60.94,70.29,72.63,27.35,32.38,30.61,75.22,104.35,67.1,79.5,71.53,78.93,21.34,64.04,81.91,78.48,74.56,61.46,71.87,57.18,57.55,115.52,63.06,93.45,64.1,82.37,73.98,58.01,89.08,224.93,77.28,79.99,84.39,223.25,26.15,71.01,79.18,66.31,33.86,48.13,90.33,65.78,41.5,46.61,79.0,21.45,176.98,35.2,118.56,78.32,67.48,19.32,32.25,57.96,62.02,56.21,63.5,142.04,39.78,16.41,139.21,25.88
2015-04-01,51.1,124.82,147.78,58.48,113.93,46.33,93.56,73.61,62.83,47.45,85.73,57.68,296.43,42.21,56.22,12.86,106.66,63.87,299.5,54.61,39.35,61.07,46.75,70.98,52.55,53.67,65.33,71.18,172.3,22.53,2.66,52.19,159.37,215.18,130.76,96.26,372.1,91.55,87.88,154.08,95.84,32.8,60.93,83.76,150.89,58.66,98.08,38.73,22.73,174.4,126.66,52.77,54.27,78.05,166.54,687.0,41.46,15.42,68.2,149.97,38.77,37.63,143.63,51.28,44.87,423.2,40.22,364.51,35.4,144.34,17.75,60.52,140.48,36.51,90.21,80.03,31.14,38.81,57.11,60.43,112.46,82.88,47.81,18.44,114.88,73.27,56.938,42.7,14.45,72.85,191.94,53.29,129.65,109.82,69.34,45.08,28.395,94.48,650.0,138.43,34.86,70.56,20.4,78.83,29.48,96.12,186.91,62.71,151.83,46.52,66.51,27.31,33.2,81.79,34.51,62.45,63.77,102.66,105.77,116.75,51.37,43.67,87.76,56.19,76.86,75.09,28.6,30.83,29.5,70.11,105.43,66.06,81.33,69.09,78.61,21.78,69.13,80.62,76.94,81.25,60.68,71.11,58.94,57.33,114.38,60.97,93.14,62.43,83.59,68.97,56.26,92.04,233.31,77.94,83.36,86.99,230.18,28.45,67.95,77.31,71.03,32.62,48.0,93.81,67.57,41.29,47.56,82.5,19.1,165.02,34.69,114.61,79.37,67.94,18.78,31.3,56.43,56.05,62.88,57.31,147.2,37.19,16.16,135.07,24.72
2015-05-01,48.65,126.1,143.09,65.09,115.12,46.71,93.32,76.29,62.35,48.91,84.53,57.11,300.06,41.05,56.85,13.24,107.86,63.42,285.17,56.9,38.03,61.85,48.01,73.95,60.14,58.74,64.48,70.13,170.66,19.93,2.26,52.6,159.5,228.02,126.1,94.65,423.82,85.91,86.1,151.92,96.88,32.125,68.44,93.93,143.75,55.77,92.45,40.5,22.79,165.42,117.92,55.52,54.61,77.85,167.22,675.06,41.41,16.0,68.91,144.41,38.43,34.76,141.05,51.95,45.13,377.52,42.61,366.53,36.795,142.0,17.85,59.62,132.9,36.1,84.53,87.69,31.86,38.64,56.79,62.41,107.38,83.59,43.88,18.73,108.06,72.32,57.962,40.59,15.79,64.72,182.36,51.01,125.64,106.97,67.28,47.64,28.9,91.64,628.96,139.32,34.06,62.15,21.03,81.24,33.79,97.57,178.19,67.74,143.46,44.85,73.37,28.81,36.42,80.23,36.16,58.65,67.8,100.93,110.28,125.83,53.64,44.81,91.0,58.21,71.85,73.07,25.53,32.58,30.28,67.62,109.95,63.45,76.37,75.72,74.83,19.85,64.17,79.82,77.71,81.69,67.9,71.8,58.25,58.26,112.28,61.52,97.66,61.02,81.96,76.95,59.04,99.21,258.93,74.12,90.15,86.95,223.38,29.03,69.27,77.2,63.56,34.06,45.95,100.1,65.95,42.71,44.38,79.24,23.38,170.0,36.09,122.28,78.07,62.7,20.08,30.95,58.24,57.38,59.61,59.59,134.2,43.99,15.9,137.82,27.09
2015-06-01,42.61,131.2,154.28,66.8,112.81,48.77,96.18,79.5,68.41,52.89,85.7,54.39,298.83,40.25,56.07,13.59,118.06,62.5,310.0,58.91,38.0,66.02,48.66,76.38,60.38,61.08,65.01,67.65,165.3,20.03,2.29,53.99,157.59,224.33,124.65,92.7,430.4,89.03,89.38,168.97,101.47,35.855,59.89,83.96,147.65,57.11,92.94,37.62,25.44,166.8,148.24,61.97,52.9,79.94,177.42,676.98,41.43,16.58,66.79,141.45,39.56,34.85,141.4,51.11,47.135,398.87,43.49,366.08,35.58,143.26,18.36,60.33,130.08,38.85,88.33,86.06,29.97,38.36,58.73,61.96,106.82,81.6,46.49,20.0,115.01,67.67,63.346,42.015,14.11,62.04,179.18,50.72,140.87,108.08,66.71,49.06,29.355,94.48,615.01,136.14,34.12,75.56,20.4,83.8,33.91,95.25,182.04,64.46,143.05,48.33,72.79,29.6,34.23,86.39,33.24,65.05,65.48,102.9,103.47,120.86,54.68,43.21,93.82,58.34,75.84,72.74,26.28,34.07,31.5,71.93,111.48,66.26,74.65,75.87,76.73,19.6,65.54,79.33,76.26,83.94,65.39,70.6,63.06,61.55,114.99,61.87,100.35,60.91,88.01,77.43,60.64,89.02,274.13,74.64,85.03,86.15,223.17,30.02,71.79,76.54,65.39,34.01,45.95,107.42,70.05,42.23,45.94,79.3,19.75,173.87,35.81,124.4,80.6,62.75,20.24,30.67,56.35,55.05,63.32,57.3,134.5,41.66,15.33,140.35,27.26
2015-07-01,40.65,126.9,160.59,67.9,107.17,49.4,97.74,81.57,65.08,48.71,79.51,50.59,294.07,37.75,53.0,13.3,128.95,63.05,306.86,62.76,37.04,67.88,47.89,70.3,55.46,63.18,65.55,65.8,182.59,19.34,2.47,55.13,154.94,220.67,126.99,93.88,439.35,84.97,91.99,165.62,100.94,36.34,57.64,78.26,137.04,58.5,87.93,33.6,24.4,160.61,134.41,61.38,48.77,78.64,186.42,670.84,38.89,17.25,37.55,140.48,40.75,32.95,143.06,49.96,50.56,408.32,42.54,350.0,35.51,137.7,17.82,57.49,118.12,43.9,84.29,85.39,29.49,37.37,57.41,55.89,109.8,80.22,49.91,19.81,117.04,69.39,64.32,40.725,11.2,62.79,172.97,51.18,163.79,104.3,65.59,52.45,30.19,93.83,606.31,132.34,31.93,81.31,19.07,89.01,31.51,93.07,178.72,61.51,135.79,47.78,70.58,27.42,32.93,85.26,29.49,61.79,70.81,105.75,96.3,113.9,56.01,41.75,97.53,58.26,73.0,78.15,27.72,33.44,31.27,68.28,114.95,67.06,79.43,70.84,73.31,18.55,71.69,74.75,70.8,79.96,59.42,67.19,67.37,60.99,113.67,57.81,97.94,55.75,87.11,82.79,55.67,87.85,255.54,70.5,81.37,89.55,214.31,30.3,67.98,70.66,71.755,31.51,46.56,109.2,66.08,42.38,46.27,86.77,18.58,172.11,32.66,121.08,83.46,62.15,21.04,31.02,53.36,53.01,67.54,52.74,128.48,41.58,15.14,142.43,26.67
2015-08-03,40.24,121.5,174.93,70.19,105.75,50.89,103.17,82.18,58.43,47.42,78.59,52.99,275.28,41.26,56.78,12.82,113.55,63.94,334.17,64.23,39.26,75.81,47.39,76.04,54.1,62.48,76.14,69.12,196.88,17.46,1.93,53.17,176.8,207.42,125.57,95.25,537.45,97.1,94.2,154.28,100.79,35.89,45.05,73.61,142.18,56.21,92.87,29.46,25.88,172.44,126.42,61.0,51.92,75.86,201.68,702.0,40.92,17.91,39.92,144.44,40.31,32.21,151.79,45.46,54.25,320.33,43.41,336.67,33.665,143.11,17.38,49.76,123.32,44.01,84.56,78.42,29.09,37.94,61.92,53.56,108.68,82.08,53.15,20.92,131.85,71.91,59.0,43.165,8.56,70.14,186.94,54.74,144.17,111.49,67.66,47.52,31.38,96.37,743.47,129.42,34.34,70.46,19.37,81.46,25.75,85.01,177.33,49.8,145.78,49.42,73.57,28.41,31.34,85.81,28.74,63.31,75.2,113.17,87.28,105.37,58.62,44.68,94.5,55.78,74.04,80.37,29.69,33.0,30.24,64.49,120.88,64.39,78.05,63.66,80.34,20.19,73.89,80.5,74.3,79.07,48.75,71.92,71.28,28.09,115.25,63.71,102.31,60.05,89.2,78.24,51.58,76.2,279.77,75.0,75.94,90.06,225.67,28.36,60.45,71.25,76.125,32.07,46.77,121.85,73.5,41.76,47.95,93.53,11.64,171.46,34.02,130.99,86.85,65.5,21.07,30.84,46.51,46.86,70.67,48.55,136.82,32.49,14.97,149.13,26.12
2015-09-01,38.63,110.18,172.53,61.0,97.55,44.22,91.88,77.07,54.25,43.98,75.46,45.72,251.13,39.39,53.74,11.78,112.2,57.21,299.03,58.97,35.33,73.06,42.83,69.75,44.14,55.62,73.65,57.01,168.62,15.68,1.77,52.65,149.11,182.23,110.0,90.37,499.14,89.67,86.69,138.49,91.44,31.35,43.41,69.64,136.68,51.1,84.82,27.45,27.86,163.11,121.52,57.0,51.76,74.85,191.0,711.97,35.3,15.95,37.67,128.16,36.02,35.94,138.5,39.26,48.2,292.22,38.81,293.73,32.245,131.79,16.35,42.78,112.0,40.98,80.46,74.5,26.67,31.31,62.65,44.26,100.38,82.0,48.11,19.7,115.0,60.79,55.9,42.49,7.585,66.08,180.53,51.21,138.89,109.4,61.62,42.11,27.52,92.35,697.95,119.14,32.32,60.35,18.31,75.68,22.96,80.62,159.67,48.17,137.58,47.18,67.86,25.22,26.69,83.6,26.58,61.54,66.38,100.64,78.76,104.89,52.4,43.95,80.27,52.21,66.22,73.05,29.64,26.03,24.97,57.93,99.31,62.82,72.6,60.34,75.52,17.75,66.92,77.21,70.26,74.08,41.07,68.88,64.39,26.57,106.775,62.16,95.93,57.87,78.3,70.15,46.67,76.02,265.09,70.05,75.24,81.91,211.43,25.51,55.75,64.46,68.9,30.41,47.92,111.25,72.55,37.84,47.01,86.99,10.11,147.98,31.7,118.76,83.43,67.73,19.42,28.08,44.5,45.6,69.73,41.26,127.12,33.2,13.945,139.94,24.24
2015-10-01,38.5,109.07,190.28,54.68,94.99,40.35,98.47,82.42,56.35,41.69,80.91,43.68,260.45,42.31,56.92,9.86,109.21,58.14,270.6,57.19,37.21,79.04,41.19,69.06,44.29,56.58,78.88,58.25,155.92,14.72,1.77,52.43,138.55,171.07,109.06,87.95,511.0,97.04,88.31,140.31,88.74,32.695,39.92,61.34,127.63,50.86,84.99,29.13,31.39,175.6,123.11,56.49,55.02,74.16,175.56,732.81,34.32,15.52,32.69,131.32,35.69,37.25,132.49,37.09,48.5,291.99,39.1,297.07,31.205,130.55,16.5,41.78,118.97,40.48,77.03,65.63,27.27,31.96,67.33,39.92,103.23,78.9,50.01,20.74,110.43,60.17,44.97,42.0,7.27,68.16,176.74,53.9,134.64,115.53,63.58,41.05,28.76,92.83,717.6,108.5,35.39,54.07,18.1,72.63,22.14,81.67,148.57,48.69,144.85,50.6,69.16,26.05,27.13,86.16,25.12,62.95,69.39,96.49,79.72,95.48,49.42,44.71,73.37,51.73,61.5,72.44,29.43,26.15,24.35,58.51,102.97,65.43,66.76,57.31,78.95,19.07,68.54,80.49,71.99,72.33,37.86,70.45,68.04,24.5,110.21,66.93,97.24,63.08,80.46,65.13,43.94,73.8,274.86,75.52,66.2,81.34,224.24,26.31,51.44,65.16,70.76,29.67,47.2,118.5,77.43,36.78,47.51,90.05,9.91,143.88,31.36,115.97,86.91,67.75,18.85,28.01,42.61,41.17,71.88,34.0,136.79,31.54,13.76,138.0,25.15
2015-11-02,46.2,119.87,199.14,61.6,97.51,44.88,107.08,89.03,60.06,45.81,86.99,55.51,296.19,43.7,56.65,10.98,115.42,63.93,310.99,63.44,39.17,81.46,43.19,60.73,54.26,65.76,76.54,62.1,177.24,16.79,2.13,54.87,159.01,180.72,115.77,102.81,627.13,107.34,95.76,139.0,93.37,38.385,46.74,65.84,138.87,54.25,89.59,26.85,34.25,174.83,123.66,65.03,57.58,73.43,219.49,783.91,37.87,16.9,37.51,148.38,37.34,35.14,143.47,40.85,53.155,294.52,41.87,353.66,34.275,136.77,18.28,42.78,125.79,41.1,86.26,73.0,27.7,37.35,67.43,46.64,113.92,85.57,54.29,22.19,123.94,66.8,51.01,43.54,6.94,69.38,193.25,60.62,134.55,124.96,66.77,43.75,31.315,94.96,610.0,103.49,36.06,59.5,18.55,79.37,21.53,87.01,152.67,53.0,158.99,50.88,77.71,28.87,26.99,93.59,28.31,68.54,82.36,99.45,90.61,115.17,53.45,50.9,78.49,56.2,68.15,67.8,29.43,29.53,27.65,63.05,114.49,73.86,65.65,64.35,89.82,20.74,62.0,81.6,71.4,77.86,41.34,71.06,72.6,27.73,116.1,65.78,106.57,60.45,84.71,72.19,47.21,85.14,297.77,77.16,65.66,86.72,220.44,28.59,55.49,67.75,78.815,27.97,50.06,136.2,79.48,39.18,52.74,102.46,11.79,156.29,31.21,109.0,96.85,72.28,19.16,26.67,47.6,46.07,67.98,40.79,143.47,33.44,14.79,149.24,28.94
2015-12-01,41.47,118.75,162.99,58.23,98.84,45.22,107.29,92.01,62.09,36.8,86.81,63.58,287.38,44.0,56.36,10.02,103.16,65.48,314.12,63.89,38.28,85.91,43.98,57.62,53.68,66.86,79.84,63.34,179.96,18.74,2.36,56.62,162.71,177.67,113.64,99.5,673.75,115.89,93.44,131.11,95.04,40.06,49.34,60.09,136.74,55.24,92.09,28.38,37.86,182.65,131.17,66.06,57.73,72.0,232.17,786.04,42.16,17.52,37.88,146.54,38.93,31.83,151.1,42.1,51.285,289.3,44.05,362.94,34.71,134.86,18.45,42.81,125.87,41.12,87.39,72.33,28.18,37.5,71.25,50.76,114.63,86.18,51.13,19.66,110.27,59.75,46.45,43.0,5.27,67.74,187.65,61.1,135.28,125.09,65.77,46.74,30.73,98.19,583.28,96.58,35.13,58.32,17.01,79.04,18.78,93.32,146.34,54.46,162.02,53.06,80.35,27.2,28.47,91.99,26.99,64.65,77.64,94.67,90.97,110.52,54.4,46.81,79.42,57.06,68.78,65.53,32.43,31.22,29.59,62.79,114.15,72.56,76.04,65.7,90.16,20.44,56.6,80.94,68.05,73.41,46.11,67.87,68.04,29.75,119.5,62.38,112.38,59.5,84.26,72.81,50.22,83.45,297.7,80.3,57.09,85.9,232.05,30.57,58.35,66.77,82.16,27.48,48.67,124.09,83.93,40.82,55.49,104.83,8.25,159.41,31.59,103.07,96.54,63.97,20.8,30.65,48.66,46.35,65.56,43.17,147.26,33.92,14.32,147.23,29.99
2016-01-04,41.29,102.61,149.25,58.06,102.31,43.94,102.62,91.77,54.24,36.11,82.93,60.01,271.16,43.13,57.82,9.44,106.59,58.79,306.5,60.66,39.47,78.94,40.4,51.8,54.97,64.99,79.16,60.88,187.01,18.31,2.77,52.86,159.0,155.11,103.93,96.29,656.29,104.83,91.4,137.66,90.71,37.735,44.25,48.51,128.21,51.07,89.67,28.56,38.05,182.35,142.07,61.68,59.68,68.09,231.54,733.0,41.06,16.45,37.66,141.38,36.92,29.84,150.62,35.64,48.76,300.34,40.29,333.04,35.805,130.16,18.16,42.48,125.28,41.69,87.73,66.88,28.09,33.84,64.55,46.33,115.02,85.64,54.16,20.0,116.77,59.05,40.06,41.9,4.44,61.09,180.56,58.11,144.71,125.35,65.4,40.61,27.575,88.8,468.7,86.75,35.83,64.61,18.26,70.77,17.67,90.6,132.46,46.41,159.81,51.93,77.14,26.39,25.37,89.82,24.85,58.81,74.4,96.17,89.53,92.68,50.75,49.42,75.78,52.53,70.2,70.93,31.6,26.13,24.72,56.11,103.12,74.86,76.84,60.12,91.91,20.87,62.88,79.5,70.93,68.81,31.78,66.97,67.18,27.11,112.9,63.85,109.92,58.57,86.93,66.5,47.32,70.8,299.75,80.79,51.75,85.84,238.45,28.88,51.21,67.91,78.1,27.48,44.35,121.26,87.73,40.24,54.86,101.95,6.6,146.41,31.52,95.6,90.09,59.52,19.48,28.35,46.53,41.4,64.46,37.81,145.17,28.88,13.87,135.62,30.55
2016-02-01,39.0,96.47,151.7,54.16,89.11,36.17,104.75,88.16,53.38,34.77,80.72,46.65,200.0,44.73,61.0,9.47,103.25,57.36,283.4,55.82,38.87,80.85,37.56,45.5,51.87,66.11,70.05,60.14,144.18,17.45,2.17,46.58,151.31,132.83,89.24,93.6,578.15,86.39,87.35,131.62,87.53,34.715,41.27,38.54,125.44,49.1,78.27,22.14,34.6,170.87,133.34,60.67,64.69,53.41,199.9,765.0,37.37,14.05,36.37,119.64,32.53,27.84,144.11,34.25,48.51,270.34,35.86,311.91,33.225,128.94,17.45,29.04,115.42,41.52,76.5,61.97,28.45,27.76,66.29,47.16,112.27,85.62,48.1,19.36,99.69,57.38,29.91,41.77,3.32,64.05,169.64,57.66,133.34,129.15,66.93,34.28,27.535,89.78,476.12,88.94,38.87,61.52,18.25,65.0,20.24,80.76,129.0,38.24,150.84,56.4,67.59,23.46,22.6,85.42,25.2,62.48,70.43,95.89,85.15,93.82,42.36,44.73,76.23,45.79,65.66,74.86,27.33,27.33,26.96,47.74,95.08,80.0,81.21,57.17,93.76,19.74,62.84,84.51,75.18,66.73,27.03,70.27,64.17,23.34,106.56,69.41,105.05,61.81,85.04,58.82,45.4,69.3,310.05,76.19,61.41,71.12,211.39,23.42,50.04,70.62,77.89,29.4,44.94,100.16,90.4,42.2,48.32,112.27,4.5,131.61,32.99,93.12,93.55,59.38,15.77,29.1,44.52,38.05,67.58,35.25,151.0,25.05,11.92,132.3,29.01
2016-03-01,41.44,97.65,149.92,54.78,86.8,38.91,101.38,85.92,53.95,35.13,85.62,52.4,212.23,47.19,62.07,9.83,109.54,59.92,293.17,50.63,36.91,71.72,40.17,54.37,57.12,66.26,74.2,63.84,142.47,19.09,2.16,46.69,144.3,140.48,85.08,92.75,556.29,81.02,83.43,131.87,95.99,35.62,38.47,39.16,133.78,53.56,79.64,27.36,31.96,172.73,135.37,65.8,65.1,56.03,210.84,782.21,37.63,12.64,39.65,119.01,32.49,32.75,148.6,36.37,49.83,261.37,35.61,315.27,33.445,135.11,17.02,33.85,115.0,42.34,82.52,68.44,29.5,25.7,62.71,48.67,116.0,87.0,48.59,21.65,101.83,51.48,37.0,45.595,2.64,70.79,181.08,63.61,140.64,126.57,66.06,33.89,29.115,91.79,514.25,98.94,39.71,57.54,18.8,66.67,20.39,88.34,143.96,34.07,150.4,62.2,68.12,26.45,24.45,84.64,30.9,57.87,71.79,98.16,84.12,90.58,39.15,48.73,80.64,46.69,67.8,74.54,26.99,25.26,24.86,47.42,95.9,79.34,79.5,61.49,92.15,20.79,64.31,84.61,74.66,66.55,19.99,70.33,64.45,23.99,103.55,70.36,105.59,68.75,92.23,65.16,49.49,65.1,306.24,67.16,56.57,70.69,210.64,23.74,57.69,72.7,87.28,31.77,46.09,105.02,82.87,45.74,50.72,107.83,7.84,138.16,33.58,96.73,96.72,58.81,15.39,31.14,46.56,42.63,62.58,38.11,149.19,24.82,13.01,136.97,29.41
2016-04-01,40.13,108.78,160.41,56.58,86.61,41.53,114.76,93.33,58.69,36.05,88.74,56.57,218.69,50.1,66.1,11.68,112.12,63.0,266.53,53.86,41.65,76.65,44.29,55.14,63.44,72.57,81.26,67.24,135.87,20.99,2.79,49.82,150.02,160.95,93.7,101.93,590.49,85.01,88.55,138.54,104.09,37.91,47.46,45.07,143.5,57.42,90.43,28.32,33.81,189.87,154.04,71.74,68.84,60.98,216.07,793.97,39.56,13.47,40.72,126.23,33.08,32.17,151.24,38.66,49.0,258.83,36.66,337.27,35.54,141.21,18.72,37.99,126.72,44.33,81.68,75.65,30.6,28.54,65.1,54.6,118.74,86.13,52.2,23.49,99.59,52.79,30.87,45.975,3.98,73.72,203.12,65.28,136.72,124.75,70.21,37.58,30.295,95.82,459.3,108.48,42.39,61.17,20.84,69.73,22.26,91.8,153.57,39.39,157.87,63.4,73.38,28.3,25.64,89.19,31.82,62.32,77.93,103.36,93.69,98.65,41.52,47.5,76.26,50.58,71.18,85.55,30.04,28.27,26.74,45.9,98.8,88.08,82.26,63.69,89.45,22.39,66.16,90.62,80.48,73.05,26.39,74.78,65.36,24.37,110.47,76.61,113.84,71.35,93.88,71.9,53.11,70.85,328.31,74.71,66.06,69.17,233.14,24.2,61.89,79.34,88.02,35.74,48.48,106.79,93.25,48.3,55.71,113.75,9.92,162.31,35.98,104.94,102.36,63.64,16.39,32.77,53.0,43.92,64.49,39.91,155.39,26.77,13.28,130.38,31.5
2016-05-02,34.99,93.965,156.34,60.79,85.19,38.85,112.9,94.29,56.31,39.59,88.24,60.0,203.64,48.05,63.6,11.15,113.26,68.47,216.69,56.38,40.17,85.0,46.22,50.75,66.42,72.56,70.56,65.58,140.07,20.5,3.58,48.11,158.62,170.29,96.09,105.0,663.92,79.25,90.74,141.68,105.55,38.885,54.61,52.62,144.82,55.91,92.73,33.6,34.7,177.63,146.16,72.65,73.1,65.58,245.35,770.0,41.2,14.58,44.39,134.38,35.4,32.29,160.67,37.37,48.355,274.74,40.28,358.77,35.685,145.77,21.92,36.16,129.56,44.62,77.5,77.35,29.67,29.86,61.58,56.02,117.53,87.07,49.33,23.21,103.25,56.24,33.16,46.35,6.83,71.27,212.25,65.82,139.24,125.25,71.47,44.57,30.545,92.6,422.0,117.39,40.73,62.05,21.46,72.87,23.33,88.53,152.77,47.56,148.76,61.7,76.3,27.48,27.27,89.84,31.19,58.37,81.86,100.5,101.83,116.22,46.54,42.11,84.17,56.51,75.59,82.06,30.28,27.37,26.85,49.48,103.3,88.38,80.06,65.24,91.07,21.96,62.41,89.09,78.83,74.34,34.43,71.7,62.0,24.18,114.47,74.66,120.35,70.78,95.86,75.97,54.5,82.33,331.1,68.72,69.62,73.87,219.42,25.19,63.48,75.32,106.72,35.26,49.53,115.76,84.98,46.93,55.79,117.83,14.03,165.6,32.68,103.12,97.6,66.0,18.35,30.2,54.68,48.89,61.6,43.25,152.72,30.47,13.67,140.72,30.64
2016-06-01,31.94,99.02,153.84,62.9,74.76,39.37,118.21,99.24,58.11,42.63,87.6,57.97,221.7,49.4,64.74,11.04,113.05,69.01,235.98,57.43,42.25,86.77,47.84,54.01,78.5,78.92,66.22,66.9,150.87,24.3,4.6,47.68,157.61,172.37,100.64,105.46,720.9,77.54,88.53,131.92,108.62,41.09,56.49,51.08,142.16,58.44,96.32,27.6,39.26,178.1,153.41,73.82,74.06,65.44,258.78,759.7,45.75,14.6,43.0,126.0,36.0,32.17,165.96,36.95,48.975,287.97,41.68,361.56,35.825,140.97,22.65,33.61,125.2,45.67,78.58,71.98,32.23,29.67,63.08,54.76,126.11,90.45,47.28,24.62,104.48,55.58,27.33,49.205,4.21,74.56,222.5,68.95,127.63,128.64,70.4,46.46,31.72,97.79,442.11,113.99,41.77,62.0,22.41,72.51,23.82,87.83,162.91,43.37,150.5,60.64,82.07,28.84,26.18,94.4,27.05,61.43,84.71,96.46,100.24,120.13,46.04,43.35,81.96,56.28,76.8,89.9,30.34,27.72,26.67,49.35,98.67,95.4,90.54,66.18,91.58,23.54,67.56,90.6,78.25,77.11,35.37,71.2,76.81,24.43,117.06,73.29,125.3,71.51,91.59,73.01,51.79,80.65,360.97,67.89,72.74,75.52,225.5,27.57,61.22,75.87,98.54,34.28,48.56,110.47,92.49,46.0,58.33,118.5,10.8,163.9,32.91,110.02,105.26,74.19,18.62,30.94,49.16,47.73,55.24,47.29,153.25,26.91,13.43,141.38,30.04
2016-07-01,28.26,95.49,162.16,61.98,79.29,39.31,113.66,95.04,56.15,42.99,92.0,54.12,196.01,53.77,70.46,12.48,121.68,72.19,231.78,52.65,44.42,86.52,47.45,55.81,79.45,80.74,58.24,69.95,116.68,23.77,5.09,46.26,152.43,140.44,89.63,113.94,717.32,74.43,90.91,131.25,109.29,44.055,55.76,53.79,141.61,57.33,103.82,27.84,39.69,180.86,154.47,72.53,84.81,60.8,248.55,795.96,44.36,13.19,45.18,129.54,35.47,30.66,169.59,33.37,50.065,242.57,38.6,342.03,36.315,144.59,23.4,29.97,132.09,47.91,77.92,75.38,32.73,26.44,66.77,54.44,131.0,101.55,44.72,24.3,98.53,58.48,23.92,51.445,4.25,74.57,228.68,74.93,128.33,138.69,73.15,40.62,32.455,97.01,400.0,112.01,46.09,71.0,24.08,63.48,25.81,85.18,172.73,43.85,157.19,66.64,79.59,28.78,26.11,97.82,29.0,57.16,79.86,95.88,104.78,119.44,42.3,36.41,81.22,53.54,80.89,94.11,31.48,25.29,23.9,52.22,97.75,109.35,94.69,69.15,97.07,26.69,63.17,99.64,85.91,77.5,35.98,78.06,75.75,23.43,118.87,80.81,128.15,78.0,91.25,68.03,51.97,83.78,387.82,69.01,77.25,75.8,228.09,23.34,59.63,81.43,99.83,36.45,49.05,106.03,92.63,44.33,58.0,114.2,11.04,154.47,35.02,113.91,108.51,73.8,17.44,30.99,49.33,45.09,54.78,46.21,166.38,26.97,12.88,139.52,31.33
2016-08-01,35.54,104.41,169.26,66.23,85.28,44.75,112.58,97.75,64.19,44.58,88.06,59.33,231.89,52.43,68.87,12.33,115.68,71.91,253.5,54.46,45.72,83.09,49.19,50.56,84.22,89.49,67.35,68.44,128.87,26.41,6.89,46.95,172.91,144.25,96.05,115.87,759.87,75.54,89.67,131.46,107.07,46.365,51.82,53.88,147.75,59.48,112.35,31.65,40.39,185.41,162.78,77.94,82.5,64.49,262.43,816.12,48.11,14.52,48.06,133.21,36.96,33.41,174.99,36.17,49.15,300.0,39.55,366.66,35.47,144.62,24.38,33.18,142.13,46.7,83.21,82.76,34.69,28.5,68.8,52.25,124.25,96.91,46.58,24.0,111.69,62.33,24.46,49.175,5.33,69.5,235.54,74.64,128.75,130.68,74.44,45.38,33.7,102.58,423.6,122.5,45.05,70.42,23.89,67.28,24.58,84.51,182.4,40.41,167.15,62.16,81.78,30.7,28.33,107.26,31.43,57.58,87.71,92.58,101.33,123.31,43.92,38.92,77.75,56.82,86.5,93.85,32.82,25.16,24.6,53.55,96.15,104.69,97.48,71.1,98.33,28.63,61.47,97.38,85.4,77.63,37.74,77.73,76.23,31.3,117.71,79.71,132.56,77.04,92.81,65.2,55.63,81.04,373.93,67.99,72.31,76.11,233.74,25.13,63.43,81.29,114.54,37.2,49.49,116.82,86.0,42.78,63.38,123.85,13.01,162.0,34.77,123.56,110.15,79.73,19.05,32.51,53.52,47.58,59.7,47.49,169.95,25.2,12.61,147.15,31.12
2016-09-01,36.53,106.14,158.2,64.1,87.01,41.92,114.75,102.23,62.1,43.68,90.02,67.42,204.64,49.4,64.41,12.07,117.44,74.28,235.22,59.91,45.1,89.83,49.44,54.82,79.95,93.2,67.81,68.97,125.9,29.94,7.18,48.79,170.55,142.33,101.49,113.7,770.9,75.29,95.04,124.9,111.5,48.205,49.35,53.12,156.13,62.17,110.23,30.27,41.44,175.2,176.88,77.56,73.73,65.55,275.14,744.23,47.03,16.15,46.75,130.03,38.6,38.555,177.71,36.62,48.55,307.96,41.8,374.12,39.695,150.7,24.07,34.55,140.28,46.41,79.9,81.59,33.95,30.0,68.74,51.15,126.96,94.7,48.05,25.41,107.04,64.75,26.11,49.82,6.23,69.56,267.0,77.27,128.58,130.54,74.38,47.5,32.8,108.53,415.81,125.61,41.95,68.12,22.41,71.6,24.44,83.73,185.39,40.9,159.0,57.67,75.45,31.42,28.37,118.0,27.88,57.75,86.94,93.56,100.35,128.57,47.82,37.0,84.5,60.03,82.93,73.89,32.11,25.52,24.88,50.28,94.73,99.0,82.39,72.54,93.59,28.12,61.65,92.75,79.66,64.51,43.18,74.18,81.52,32.15,122.74,75.15,131.87,72.66,89.43,67.88,53.01,88.31,368.41,64.9,71.05,72.98,226.84,26.52,66.66,78.15,115.5,33.91,50.94,109.86,80.55,43.25,63.67,126.38,10.32,165.5,32.67,122.42,103.09,79.41,20.22,30.77,51.9,48.31,65.8,47.0,158.87,28.25,12.66,152.63,31.15
2016-10-03,36.46,112.71,148.53,63.02,80.68,42.06,121.59,108.41,64.29,41.98,88.16,71.15,214.53,48.97,64.04,12.64,114.92,71.62,230.0,59.19,45.69,91.91,50.72,52.96,85.2,92.04,65.6,68.9,122.41,30.18,6.95,47.59,166.05,144.19,99.14,112.9,836.0,79.27,92.62,124.74,111.99,49.315,63.73,63.18,139.84,64.68,108.31,30.42,44.3,177.19,173.01,77.36,74.63,63.83,264.6,763.28,46.82,15.59,47.3,131.28,37.58,38.15,178.67,35.54,47.35,313.0,39.78,361.7,40.775,144.27,23.68,35.19,135.42,46.84,77.4,88.23,32.88,27.77,64.91,54.39,125.44,93.78,48.74,25.5,104.15,61.62,24.27,47.7,6.34,70.39,269.68,74.91,129.8,124.69,73.93,46.82,32.94,104.09,423.03,127.4,41.92,66.58,23.18,71.6,25.89,83.84,177.63,43.68,152.22,54.39,71.15,31.31,30.33,112.77,27.44,48.66,84.48,88.79,102.55,137.64,47.02,39.25,84.61,56.36,84.2,69.27,30.06,26.91,26.21,54.71,92.47,96.76,78.46,73.27,90.93,27.2,60.86,93.45,79.78,65.69,43.96,74.21,85.22,31.3,121.55,75.15,134.36,72.06,88.41,67.72,53.98,96.27,360.63,64.08,72.89,70.24,222.1,28.94,65.48,76.56,119.98,33.25,51.38,116.38,79.24,41.58,57.79,128.38,10.98,173.86,33.07,124.16,99.1,76.8,20.34,31.41,51.15,47.96,67.48,48.21,152.26,29.7,12.06,154.58,29.46
2016-11-01,40.51,113.46,139.88,56.0,69.85,39.24,116.5,107.79,64.4,45.37,87.3,72.4,204.74,49.96,64.55,11.77,107.71,69.18,208.39,61.77,43.99,80.59,48.39,69.39,83.57,85.86,72.24,67.85,130.57,29.11,7.32,45.0,141.17,133.13,88.97,117.19,799.0,88.48,91.42,122.44,111.17,45.17,60.32,60.15,133.74,66.1,107.44,22.24,43.27,171.39,170.72,69.85,74.05,66.77,223.17,742.61,43.73,16.56,47.65,142.95,39.3,38.93,167.64,33.89,46.16,280.03,43.45,343.36,38.615,144.68,22.0,36.03,120.28,48.16,68.53,83.47,30.85,25.84,63.01,56.49,127.25,91.33,49.09,25.55,102.0,58.52,24.15,48.16,5.53,68.12,250.0,70.63,119.55,119.84,71.46,52.39,31.26,100.53,360.28,123.33,42.14,62.69,22.83,74.43,20.99,84.62,175.07,43.97,148.48,54.4,75.99,30.85,30.64,106.45,26.5,51.99,85.17,84.34,105.51,128.07,49.4,41.84,88.12,56.46,81.66,69.04,28.83,25.84,24.98,58.59,92.78,93.43,75.76,66.92,87.56,26.07,64.54,96.0,80.04,58.69,38.47,75.03,78.64,28.51,113.8,75.48,124.52,73.39,87.35,72.38,51.89,91.32,357.78,61.64,66.63,67.42,213.54,28.24,62.76,73.54,95.5,34.02,51.67,129.79,73.06,39.08,54.62,131.41,11.31,174.25,34.34,137.47,98.74,73.91,21.9,32.96,52.21,42.61,66.36,47.24,144.86,32.53,11.78,151.07,29.0
2016-12-01,46.2,110.365,169.18,60.83,77.88,38.12,119.5,102.82,73.56,43.15,95.99,72.77,229.09,48.85,58.82,11.36,130.78,71.52,194.3,63.66,42.08,86.73,50.35,66.48,88.29,93.12,81.9,69.95,122.78,32.14,8.92,47.72,144.24,149.01,115.43,101.36,752.41,82.18,94.38,142.38,114.0,48.75,67.39,70.77,144.42,68.23,109.07,19.34,36.65,163.44,170.01,72.06,72.03,72.45,252.0,780.61,44.08,21.42,44.42,150.74,45.34,45.55,168.71,39.48,45.43,296.32,47.67,373.81,37.55,157.58,20.46,35.98,123.17,36.38,70.94,96.0,31.93,29.12,69.22,60.74,128.32,83.19,50.85,26.18,119.74,49.3,29.09,43.72,7.26,74.82,273.55,76.93,134.17,115.13,65.23,64.01,34.705,113.59,396.99,140.75,39.95,57.43,23.8,84.45,23.06,95.05,164.73,50.14,150.11,56.62,72.14,29.84,36.07,114.61,23.54,55.24,86.5,76.62,112.79,146.47,56.77,47.96,100.95,68.0,87.39,72.49,27.73,27.22,26.45,57.31,99.13,91.59,86.79,73.36,86.27,25.37,73.86,92.49,73.5,63.5,49.51,72.93,79.21,27.92,116.91,69.31,114.45,68.39,77.43,75.62,56.73,105.71,338.45,59.6,71.63,75.89,214.67,34.85,66.86,68.33,82.8,32.32,52.95,123.95,69.85,47.51,55.14,118.38,15.5,192.0,31.14,141.12,104.55,77.17,26.23,35.94,54.17,48.13,71.61,56.6,139.57,34.82,12.23,175.81,30.64
2017-01-03,47.28,115.8,170.78,62.92,78.51,38.6334,117.38,103.43,72.6,45.69,102.38,74.61,231.19,52.59,63.01,11.67,124.85,70.09,214.15,65.95,45.69,93.64,52.0,67.27,87.15,96.49,88.92,74.0,123.19,32.36,11.42,49.04,147.86,147.72,113.1231,106.73,757.92,88.51,93.12,144.54,112.09,47.7,64.71,70.56,143.56,67.57,111.85,18.74,36.44,178.3,178.29,70.76,72.37,74.89,232.89,795.58,45.93,22.6,44.38,156.3,47.45,43.05,161.95,40.24,45.16,285.82,48.03,384.62,37.855,164.34,21.72,39.9,127.7,39.71,71.99,94.0,32.06,32.0,73.68,65.41,132.74,87.25,52.23,25.43,116.5,47.7,32.02,44.25,7.2,73.5,290.24,76.26,133.91,120.57,65.56,68.93,34.835,116.16,379.11,138.25,41.64,57.23,24.72,88.55,22.98,93.57,175.68,50.82,160.65,60.6,69.29,30.37,36.15,116.37,24.35,56.65,90.25,79.58,118.38,135.26,60.68,49.37,103.68,72.9,92.76,74.34,27.71,27.66,27.04,58.5,105.3,98.89,77.57,76.31,90.67,26.7,73.2,98.74,77.65,64.74,46.82,76.57,79.52,29.83,118.12,73.72,118.59,71.76,77.26,75.84,56.25,102.63,357.29,64.87,64.41,69.41,233.8,35.51,67.59,73.5,93.8,35.67,53.47,114.04,77.25,47.4,53.99,116.03,13.49,186.5701,30.97,145.65,106.82,76.28,27.33,36.42,53.09,48.61,71.44,57.23,142.92,36.08,12.2,174.39,31.67
2017-02-01,44.75,127.03,163.99,61.07,87.71,41.51,113.8,113.31,75.76,44.48,96.03,81.09,229.17,52.24,63.58,11.4,118.3,69.0,219.0,64.75,43.85,97.66,54.0,68.67,93.19,97.0,93.83,75.57,128.5,34.59,10.9,51.35,158.59,153.58,113.62,103.6,829.21,81.38,93.46,155.0,112.75,48.67,60.33,70.27,139.32,67.57,110.65,23.27,40.32,172.21,202.25,78.97,72.91,76.85,206.68,728.74,48.93,22.97,48.68,164.25,46.55,44.58,175.88,40.09,45.36,278.98,45.07,375.21,38.27,164.75,24.0,41.15,131.25,38.97,74.43,95.81,31.3,30.51,79.76,64.82,128.87,88.28,55.27,26.03,116.11,53.61,35.34,45.08,6.51,74.6,323.85,70.82,147.0,119.64,64.5,68.31,37.645,121.5,420.31,147.91,42.0,63.31,26.09,88.1,21.64,90.98,184.0,49.0,163.84,62.11,78.91,30.847,46.55,115.8,25.95,52.68,74.27,78.65,111.2,140.78,56.72,47.48,107.3,69.7,92.13,73.64,30.0,28.32,27.71,59.76,110.71,107.47,77.01,78.31,91.2,24.33,73.26,98.2,78.14,63.99,45.98,74.36,83.43,31.9,119.74,73.82,117.69,72.35,80.9,77.8,58.5,102.19,385.0,60.74,61.52,68.65,224.12,37.82,70.97,71.16,96.51,35.66,51.97,121.78,71.72,49.85,55.05,132.25,16.63,189.28,30.09,134.07,107.13,79.68,26.37,35.52,55.83,49.29,68.65,60.38,139.73,33.69,12.45,181.31,29.73
2017-03-01,46.79,137.89,158.59,62.16,92.19,45.37,123.24,119.24,82.45,47.25,103.66,87.38,244.66,54.03,66.2,11.38,130.19,73.0,245.94,64.73,46.24,100.0,57.26,62.82,102.9,103.77,98.04,82.52,132.5,36.52,15.08,54.75,178.0,171.11,134.56,114.78,853.05,85.69,107.57,166.17,117.5,50.96,53.04,65.49,142.13,69.55,119.48,29.3,45.47,183.33,213.07,81.5,77.04,81.05,213.3,740.01,51.62,25.37,51.27,181.85,49.15,42.55,183.66,43.98,48.86,290.07,47.98,394.25,37.11,173.7,24.79,42.89,138.95,41.36,82.18,98.2,32.52,36.25,78.67,66.5,139.11,93.43,56.51,31.22,124.79,55.48,31.99,49.8,5.5,80.67,325.76,74.09,150.0,136.45,73.05,73.35,37.72,123.01,422.51,150.94,44.0,71.66,27.19,95.0,22.11,96.6,200.0,48.0,177.37,59.53,82.87,34.28,49.2,118.69,23.92,59.71,79.72,81.1,112.92,134.34,61.2,50.41,110.72,72.23,97.77,74.75,32.23,29.01,28.26,62.5,110.66,107.43,78.97,81.25,93.3,25.53,75.43,100.62,81.6,69.77,43.95,75.88,86.93,34.11,125.0,75.91,132.25,78.92,83.18,81.2,60.75,98.25,375.98,62.93,60.73,71.16,233.27,35.05,72.81,75.85,94.55,36.32,56.79,119.81,78.94,50.56,58.56,136.47,13.78,194.89,32.09,144.01,116.18,82.68,27.87,37.04,56.21,47.2,75.93,58.39,139.89,32.53,12.66,190.5,29.98
2017-04-03,42.33,143.71,148.4,65.24,88.41,44.42,118.0,129.585,82.02,46.2,102.23,85.24,249.75,54.52,67.02,11.17,127.87,72.76,238.76,62.43,44.32,95.82,56.6,59.74,105.73,115.13,92.42,81.54,121.52,38.99,14.6,54.09,164.63,164.24,129.94,121.43,888.0,81.33,106.87,166.15,118.59,51.25,51.42,61.9,135.7,71.07,110.15,26.48,49.86,183.62,219.0,80.86,77.59,79.17,204.61,720.5,52.9,23.65,51.91,177.08,44.8,48.96,184.0,42.24,46.23,274.08,47.23,383.83,37.14,166.72,24.86,41.95,132.5,40.41,81.73,92.43,31.78,34.81,81.03,69.37,136.37,94.44,59.0,31.4,124.92,58.72,29.42,49.9,6.01,77.52,327.5,72.43,146.7,135.13,73.1,68.74,37.47,118.82,449.2,151.55,44.76,71.31,27.55,86.88,23.95,97.67,199.78,49.9,167.74,57.27,82.61,33.7,46.66,126.86,23.56,59.55,83.54,78.38,107.22,128.13,59.93,46.0,108.97,68.47,97.85,69.84,33.39,29.1,28.37,63.49,113.18,106.4,78.46,81.13,97.88,26.25,83.64,101.95,81.9,68.06,41.7,77.14,89.9,33.37,126.0,77.75,136.65,79.62,84.73,80.84,59.8,97.5,400.94,62.24,61.13,66.06,231.63,34.86,74.32,75.8,93.98,35.95,56.19,126.34,75.01,51.18,60.89,141.93,13.5,195.86,31.72,142.73,115.5,79.87,25.54,36.31,52.73,48.42,74.77,71.0,133.5,32.83,11.64,187.48,29.76
2017-05-01,42.76,145.1,143.15,66.0,82.32,43.57,121.37,134.3,75.05,45.88,104.29,91.75,249.97,54.79,68.03,11.31,135.22,75.06,244.0,61.19,43.61,96.9,56.1,61.19,109.09,135.39,85.34,81.49,128.0,40.98,13.43,57.39,163.68,162.0,128.92,126.56,927.8,79.97,110.4,178.5,119.91,54.02,48.56,56.93,141.55,72.58,112.79,27.43,52.63,190.69,222.09,83.2,79.83,79.22,176.44,696.4,55.5,23.52,55.73,184.23,43.45,51.99,186.38,43.27,47.3,271.35,47.25,387.2,38.53,165.8,26.37,42.6,126.85,38.84,71.49,102.65,32.93,35.99,82.62,66.89,137.28,94.88,61.78,32.73,124.09,64.63,26.88,49.64,5.25,73.16,346.29,72.22,156.68,134.11,72.29,71.05,39.42,116.55,473.01,151.81,45.74,74.4,28.58,81.17,23.35,104.0,200.79,47.9,178.5,57.63,86.25,34.11,50.87,121.6,25.74,60.4,81.24,82.44,106.26,126.49,59.39,45.59,112.25,62.35,105.74,73.0,33.01,28.94,28.09,63.46,115.59,115.2,83.07,79.21,91.67,27.82,85.42,104.76,82.51,69.02,39.47,77.45,95.21,33.46,128.69,79.3,135.99,80.14,87.68,80.13,60.06,92.53,417.69,64.77,57.94,61.42,247.1,34.68,75.9,76.33,109.91,34.65,56.16,134.0,75.72,44.87,63.96,151.74,12.78,189.91,29.98,128.91,119.5,84.26,24.58,36.76,51.52,51.06,77.31,73.35,131.23,30.05,11.49,194.24,29.01
2017-06-01,48.5,153.17,134.1,66.255,91.71,45.52,124.93,141.64,86.28,41.05,103.0,111.72,240.79,56.75,71.65,11.68,145.37,75.64,224.42,63.81,42.83,98.64,56.88,47.23,113.68,146.36,87.26,86.02,97.87,45.97,11.25,61.2,155.4,154.24,121.66,131.95,998.59,83.19,126.92,182.79,131.28,55.15,46.85,50.73,144.46,74.96,116.51,27.46,58.81,191.3,241.6,84.29,78.29,77.23,163.29,606.11,60.01,22.48,59.51,187.41,41.88,59.36,188.37,42.0,51.99,250.03,47.21,408.28,40.97,165.8,27.1,43.19,120.92,40.04,74.22,105.77,31.84,35.02,86.78,61.16,143.61,102.01,64.31,35.15,114.51,65.5,26.9,51.8,5.1,67.31,346.5,69.99,161.79,135.81,76.5,69.2,41.63,117.53,479.81,158.53,47.4,72.69,28.61,77.46,22.28,109.05,219.2,44.8,180.81,57.75,90.0,31.52,54.21,126.12,24.94,66.91,82.74,76.84,103.69,127.15,60.89,49.32,125.25,58.88,108.96,75.82,32.76,26.5,25.92,63.99,107.73,118.18,78.03,83.09,92.93,28.68,89.0,109.38,85.48,66.23,34.11,80.77,113.96,34.44,132.99,82.77,137.0,81.31,94.34,80.56,59.3,90.64,441.7,65.06,55.48,59.92,256.81,34.85,77.9,78.94,115.54,36.25,53.39,144.42,77.36,43.27,63.27,151.75,11.47,194.58,29.23,128.85,125.39,85.87,23.29,38.03,45.26,48.75,59.5,75.45,122.55,28.7,11.25,203.16,27.51
2017-07-03,50.78,144.88,117.45,72.76,94.86,48.73,123.82,141.73,78.27,41.48,101.98,101.32,257.26,54.85,69.69,11.15,152.63,78.11,244.0,62.82,43.15,104.28,57.6,50.15,106.34,151.06,90.27,88.85,121.83,41.33,12.57,61.0,172.63,167.47,128.54,132.62,972.79,94.13,122.52,189.21,133.59,56.64,48.18,45.5,143.73,74.29,121.0,22.74,57.77,192.81,234.51,88.96,78.25,84.69,204.63,570.85,59.59,24.46,60.78,198.07,45.72,57.87,195.79,45.12,48.78,272.62,51.31,425.92,42.44,170.4,27.85,42.8,123.6,35.67,78.09,106.51,34.58,36.67,91.83,64.17,145.8,100.53,65.65,33.58,130.61,66.77,28.2,51.95,5.01,69.13,338.26,72.94,168.27,133.0,74.34,73.91,39.08,125.33,415.81,162.15,46.32,80.0,27.47,83.42,25.09,105.22,239.42,44.21,160.21,52.3,87.01,31.09,54.75,126.77,24.0,66.93,79.97,80.77,104.24,122.51,67.24,54.26,124.19,62.42,111.76,72.53,34.9,26.03,25.38,63.29,106.76,113.54,70.03,80.78,91.6,28.06,90.69,106.05,83.78,64.91,32.13,76.94,106.51,35.15,133.19,81.14,137.9,78.4,96.07,84.61,59.56,91.0,431.54,66.04,60.23,64.15,258.4,38.28,78.37,77.06,118.6,36.2,56.76,149.56,78.63,43.21,65.6,151.72,12.08,218.49,29.24,127.75,122.76,85.71,26.19,35.01,46.11,46.85,49.59,73.62,127.09,27.46,11.36,199.42,27.16
2017-08-01,51.13,157.06,113.68,71.17,92.19,49.24,130.06,147.74,79.23,42.64,118.79,111.27,242.02,56.2,70.98,11.08,156.78,81.29,252.23,66.17,45.48,104.39,59.08,47.96,116.06,167.41,85.22,94.09,138.33,44.39,13.72,61.74,174.81,181.19,148.05,136.08,990.65,101.0,129.65,192.5,139.35,54.42,44.21,44.28,147.41,78.07,120.92,24.94,62.14,187.67,248.23,93.34,80.65,85.99,200.02,542.62,60.04,25.01,59.76,243.38,48.31,59.88,199.77,44.12,49.32,290.8,53.94,428.61,40.57,175.93,26.82,46.21,123.7,34.37,77.72,114.27,31.07,37.62,94.81,64.38,149.94,100.55,67.5,36.96,136.2,64.48,30.86,53.44,4.49,65.65,392.84,76.34,173.18,134.76,71.84,73.57,39.63,123.65,344.08,158.27,46.87,83.66,28.15,85.85,24.57,127.18,244.9,45.33,156.5,52.5,90.61,31.59,49.29,137.7,23.34,69.39,79.19,78.0,109.81,129.98,69.09,50.01,129.61,61.0,107.82,74.75,36.44,24.77,23.25,64.19,109.98,115.71,72.1,86.61,91.05,28.72,82.21,107.3,86.17,58.46,33.25,78.08,117.57,35.82,132.69,82.35,145.27,78.88,98.24,84.47,60.72,88.82,452.25,67.64,63.36,62.72,263.16,41.22,73.4,76.55,116.82,38.22,58.445,157.24,77.16,43.09,65.92,169.82,14.6,209.0,31.83,121.08,128.57,90.62,26.82,37.39,43.79,41.31,47.07,76.66,134.08,27.75,11.11,196.96,25.63
2017-09-01,44.85,164.8,98.31,75.59,80.46,51.03,130.95,155.76,83.97,41.37,106.53,114.63,225.95,60.17,73.84,11.08,157.78,82.55,229.89,60.58,45.35,95.0,58.01,47.28,117.06,176.81,75.1,90.57,142.0,45.19,13.12,63.3,178.14,177.31,138.72,148.33,984.2,100.47,128.57,196.04,139.45,55.87,39.0,40.99,145.66,80.98,121.37,25.55,65.66,188.12,252.33,94.28,81.07,86.31,176.83,531.2,64.9,23.9,62.11,239.66,46.04,54.44,199.44,43.27,53.26,317.16,52.45,422.35,40.21,181.6,27.55,46.67,120.93,32.59,67.69,117.49,33.27,36.16,100.61,64.23,141.47,108.47,69.82,39.3,139.0,67.86,28.99,50.23,3.65,70.69,398.93,77.16,182.68,138.52,71.66,68.47,40.77,125.63,316.94,159.27,48.63,88.9,29.7,79.86,25.55,130.9,245.0,43.76,157.59,46.43,95.75,32.22,50.38,135.64,19.84,70.85,78.5,77.54,107.68,111.27,68.11,47.42,115.98,59.12,108.46,72.78,36.26,22.27,21.05,57.62,101.65,118.42,79.79,85.28,91.24,29.79,82.45,112.5,87.48,58.68,31.51,78.9,121.27,36.2,133.57,84.44,142.73,80.39,107.0,86.58,59.26,85.0,468.24,67.15,62.45,62.93,267.09,41.09,72.04,79.37,113.79,37.95,56.32,149.03,77.72,42.89,62.79,172.4,14.93,215.12,32.65,119.91,124.19,93.15,26.18,38.02,38.7,39.4,35.49,86.68,127.13,26.04,11.18,201.77,24.6
2017-10-02,47.52,154.26,99.58,89.74,82.97,53.64,135.23,149.79,86.59,42.52,109.22,110.6915,222.0,58.14,70.46,11.06,159.16,81.52,205.76,61.72,43.9,95.62,61.68,49.35,136.25,187.16,76.3,91.65,140.0,52.21,12.8,66.0,187.03,190.02,148.28,137.03,964.0,103.0,123.16,191.21,146.28,59.66,45.15,47.88,151.04,84.75,119.19,24.95,64.42,179.0,245.31,98.34,81.18,90.44,171.83,595.65,64.29,25.46,62.92,254.65,46.96,57.11,196.91,44.59,54.11,315.19,52.91,447.73,41.35,183.45,29.21,51.16,122.93,33.75,67.22,124.4,33.36,37.95,107.92,58.37,142.55,100.31,64.06,39.79,146.2,71.35,35.11,48.46,4.15,76.28,364.52,76.45,187.71,131.96,73.02,76.36,38.41,135.73,307.91,168.45,46.42,97.13,29.25,84.98,26.48,130.72,237.9,49.55,164.92,46.8,93.72,33.61,52.81,144.5,18.89,72.51,77.64,81.35,116.42,129.81,73.07,48.35,125.7,64.51,93.49,80.99,40.37,21.25,20.32,54.01,99.31,118.66,86.6,91.88,88.51,28.82,78.53,107.76,84.07,59.55,36.02,77.2,118.89,38.51,128.58,80.89,106.09,77.44,108.26,90.38,62.87,95.52,447.33,66.09,64.51,63.37,254.71,43.76,76.95,76.64,109.38,37.81,59.83,144.0,80.22,45.68,67.26,171.39,13.98,225.51,30.92,120.81,129.22,93.46,27.76,39.08,42.01,42.52,35.18,89.31,124.5,27.58,12.0,206.43,24.22
2017-11-01,48.0,169.87,82.33,90.78,77.48,53.89,142.26,176.59,91.85,40.97,116.4,125.63,224.46,61.98,74.42,10.59,170.92,84.14,176.59,64.92,44.08,101.27,63.57,52.7,142.0,243.0,65.65,94.07,119.97,57.0,11.25,67.94,175.3,187.85,157.72,144.25,1105.4,107.12,137.55,210.03,143.82,59.69,41.77,49.64,159.69,87.55,124.68,25.25,65.69,181.33,264.24,106.71,88.0,96.29,167.89,592.94,68.2,27.64,64.6,258.29,49.35,56.18,207.53,42.45,57.34,312.75,51.67,473.21,43.2,188.1,28.23,53.39,121.24,34.26,60.81,135.67,32.56,39.61,113.69,56.21,150.53,107.68,66.58,43.47,101.89,67.73,38.25,45.39,3.98,80.9,335.62,70.26,198.2,128.85,70.72,79.08,36.25,137.99,271.9,179.26,48.5,94.09,29.71,92.66,27.75,135.74,240.54,51.81,161.97,47.57,103.67,34.29,50.73,148.85,19.04,74.64,83.1,68.82,116.3,139.84,73.99,50.19,133.87,66.68,93.91,81.21,44.46,18.94,17.87,48.85,98.13,118.85,91.6,96.31,86.02,28.64,82.37,110.94,88.56,60.85,37.75,81.41,116.0,37.85,130.09,85.85,109.12,80.12,120.15,91.46,64.56,100.79,464.97,67.32,63.08,61.81,262.96,43.88,80.88,86.32,102.37,40.32,58.67,125.88,81.59,47.23,66.4,182.36,14.4,227.0,32.93,120.94,124.0,94.12,29.07,47.07,43.43,44.44,30.19,93.84,120.63,27.81,12.4,203.57,20.07
2017-12-01,49.67,169.95,100.74,97.19,83.98,56.3,147.7,179.51,85.51,39.96,113.95,108.81,238.04,64.19,77.78,10.62,181.65,87.92,173.83,60.07,44.23,101.1,66.17,55.43,134.86,259.35,69.1,103.1,109.31,52.0,10.81,72.6,174.16,199.3,163.32,144.22,1172.05,105.98,148.45,235.5,140.73,63.52,42.28,48.6,163.29,90.66,127.56,24.63,61.96,181.93,275.21,114.0,91.71,98.08,171.78,690.0,69.19,28.25,65.44,277.51,49.55,59.75,228.27,43.42,60.0,320.7,54.92,499.67,39.98,193.59,26.21,55.82,125.93,37.45,58.95,141.6,32.92,43.47,124.42,55.89,151.91,113.45,65.32,43.66,100.5,70.34,37.59,46.97,4.1,86.6,321.94,75.0,211.62,139.3,72.51,83.45,37.15,151.46,302.4,166.73,50.09,102.39,30.17,92.18,29.23,132.42,241.6,51.51,183.26,49.31,103.86,37.09,55.23,157.19,14.54,71.91,87.59,75.62,119.81,140.92,75.71,52.55,150.25,70.79,98.35,88.34,50.95,18.9,18.06,50.16,104.58,117.11,101.82,97.75,90.37,28.15,84.72,116.0,89.39,61.0,38.94,84.38,105.86,34.38,136.45,89.34,114.12,81.72,124.73,92.64,64.91,103.32,464.75,67.02,59.99,64.19,247.64,48.4,77.99,86.82,117.25,41.89,64.77,121.65,85.58,52.17,68.38,176.03,13.94,231.72,34.29,134.19,130.5,94.13,30.6,46.5,48.46,42.65,42.64,94.5,132.92,28.92,12.62,207.11,18.28
2018-01-02,52.33,170.16,100.9,97.14,92.15,58.2,153.5,175.85,89.24,40.2,116.03,105.34,254.29,58.98,73.18,10.87,180.94,88.36,164.05,60.0,43.79,101.44,63.55,65.13,128.93,222.61,74.04,104.07,121.63,51.68,10.42,72.89,175.35,206.52,170.64,143.16,1172.0,114.92,148.15,225.0,134.25,61.45,42.65,54.13,164.88,88.47,131.0,27.31,63.54,178.59,259.77,115.15,91.0,99.73,176.67,716.54,67.42,29.75,66.09,295.75,50.0,68.26,215.09,43.77,68.97,321.15,54.27,518.78,38.12,198.87,24.94,51.38,130.39,37.68,61.7,158.3,33.46,43.68,124.88,58.19,146.42,110.53,67.22,42.0,105.29,67.55,42.86,50.07,4.05,89.74,338.43,75.37,204.14,148.79,75.43,87.36,40.39,146.12,290.9,177.51,47.39,100.7,28.39,100.08,28.31,135.8,217.92,55.09,187.23,48.2,102.88,38.67,55.63,157.26,16.85,71.16,88.58,73.06,125.71,150.87,75.09,56.29,156.67,77.24,98.77,93.56,51.37,22.96,21.48,48.41,108.95,114.04,107.99,101.45,97.37,27.24,96.78,109.68,84.28,72.27,41.79,81.2,106.15,38.17,134.2,84.75,118.17,63.63,127.64,93.43,70.06,108.67,453.53,63.97,57.51,74.99,241.96,50.16,79.23,81.71,111.68,39.54,66.25,120.64,87.75,55.13,68.71,177.68,19.05,250.83,30.72,131.64,131.96,94.31,31.19,46.77,51.8,42.45,47.45,95.38,133.08,31.23,12.52,203.54,17.58
